title,image,price,ordered,image_path,gender,material,product_type,sleeve_or_neck,color,size,style_category_x,seasonality_x,price_tier,fit,fabric_finish,pattern,details,primary_color,secondary_color,is_multicolor,image_path_cleaned,product_id,style_category_y,formality_level,color_brightness,pattern_complexity,seasonality_y,perceived_quality,trend_alignment,target_age_group,gender_presentation,visual_uniqueness,estimated_purchase_appeal
Men's Cotton Linen Casual Long Sleeve Shirt Light Blue / 4XL,http://t3.gstatic.com/shopping?q=tbn:ANd9GcSwpG_ZCN7woBcln7X_zpLG4c9K-V0FdAIfMqHXD4Yf5isfV4_lS2zL_YSrGw,35.44,1,image_0,Men,Cotton,Shirt,Long Sleeve,Light Blue,4XL,Casual,All-Season,Mid-range,Standard,,Solid,,Light Blue,,False,image\image_0,image_0,smart_casual_shirt,4.0,4.0,1.0,autumn_winter,4.0,3.0,young_adult,masculine,2.0,4.0
Casual Checked Flannel Shirt White/Red / L,http://t0.gstatic.com/shopping?q=tbn:ANd9GcR7cPnO4bzE8q2WUnrel8Fl6cOJW0imJZmXiTn6OJ5nsRUEBGeudKFaoBA5,29.7,1,image_1,unknown,Flannel,Shirt,unknown,White & Red,L,Casual,Winter,Budget,Standard,,Checked,,White,Red,True,image\image_1,image_1,casual_resort_shirt,3.0,4.0,2.0,spring_summer,3.0,4.0,young_adult,masculine,4.0,4.0
Men's Linen Long Sleeve Shirts Khaki / 5XL,http://t3.gstatic.com/shopping?q=tbn:ANd9GcQIdkgbBPajj0QglpkwNrscVIcbeSQF6qGkDYH-Qv5PLTqbp4Nz8J4tzLU4zA,34.44,0,image_2,Men,Linen,Shirt,Long Sleeve,Khaki,5XL,Casual,Summer,Mid-range,Standard,,Solid,,Khaki,,False,image\image_2,image_2,casual_resort_shirt,3.0,4.0,1.0,spring_summer,3.0,4.0,young_adult,masculine,3.0,4.0
Leisure Textured Shirt Set Dark Red / L,http://t3.gstatic.com/shopping?q=tbn:ANd9GcSHS41W2YIUjWn-G2q28BUaHwRkHAZtpHqUSjYGucRCYTl89yw_ren2K_QMjg,45.1,0,image_3,unknown,unknown,Shirt & Shorts Set,unknown,Dark Red,L,Casual,All-Season,Mid-range,Standard,Textured,Solid,,Dark Red,,False,image\image_3,image_3,casual_shirt,2.0,2.0,2.0,all_season,3.0,3.0,young_adult,masculine,3.0,3.0
Men's Premium Washed Cotton Pocket Shirt Dark Grey / L,http://t0.gstatic.com/shopping?q=tbn:ANd9GcTGNc2xEcc0cgnutr-jDsMMB4-Xpa04OZsstCoJGt2WUewOoiVAu-BjkjL_dLc,59.75,0,image_4,Men,Cotton,Shirt,unknown,Dark Grey,L,Casual,All-Season,Mid-range,Standard,Washed,Solid,Pocket,Dark Grey,,False,image\image_4,image_4,casual_shirt,4.0,3.0,1.0,autumn_winter,4.0,3.0,young_adult,masculine,2.0,4.0
Men's Vintage Premium Washed Shirt Pink / L,http://t3.gstatic.com/shopping?q=tbn:ANd9GcTn5zNl8PuiiDQzAIIbxFsLhEDuDFtYgLp0V0mYCJw4Tovi962GHCoFF0TIamU,55.99,0,image_5,Men,unknown,Shirt,unknown,Pink,L,Vintage,All-Season,Mid-range,Standard,Washed,Solid,,Pink,,False,image\image_5,image_5,casual_resort_shirt,3.0,4.0,2.0,spring_summer,3.0,4.0,young_adult,masculine,4.0,4.0
Western Cowboy Embroidered Button Down Cotton Shirt (US Only) Black (Retro Rose) / M,http://t3.gstatic.com/shopping?q=tbn:ANd9GcRu9XoNFnWJKeGXQH_V8oB_nAJPf5A0vbzCC4FLXrDFfbL7wMEuX0Bwf-7E,42.26,0,image_6,unknown,Cotton,Shirt,unknown,Black,M,Vintage,All-Season,Mid-range,Standard,,Floral/Graphic,,Black,,False,image\image_6,image_6,smart_casual_shirt,3.0,3.0,2.0,all_season,4.0,3.0,young_adult,masculine,2.0,4.0
Men's Premium Washed Cotton Pocket Shirt White / 2XL,http://t3.gstatic.com/shopping?q=tbn:ANd9GcTPWxbUEW5fMFb4YirtiqOZ3hqsjqbWuoeAx0ft-_u6QrgH-VzygD2fyZc1dQ,58.08,0,image_7,Men,Cotton,Shirt,unknown,White,2XL,Casual,All-Season,Mid-range,Standard,Washed,Solid,Pocket,White,,False,image\image_7,image_7,casual_shirt,4.0,4.0,1.0,autumn_winter,4.0,3.0,young_adult,masculine,2.0,4.0
Men's Vintage Premium Washed Shirt Sky Blue / S,http://t2.gstatic.com/shopping?q=tbn:ANd9GcSX3BhoWib7_mFJaMRE2c4yWhZYrudBbQkw1w7HL3gS0tjUr1EpOqqgxnuXIvU,62.52,0,image_8,Men,unknown,Shirt,unknown,Sky Blue,S,Vintage,All-Season,Premium,Standard,Washed,Solid,,Sky Blue,,False,image\image_8,image_8,casual_resort_shirt,3.0,4.0,2.0,spring_summer,4.0,4.0,young_adult,masculine,4.0,4.0
Modern Soft Cable Knit Shirt Green / M,http://t1.gstatic.com/shopping?q=tbn:ANd9GcQohXcLkqjOTRkOdkz81noKlPcBAeoK91M1Fva-6RiVj1RYd86HS6P9rmfQbw,45.23,0,image_9,unknown,unknown,Shirt,unknown,Green,M,Casual,All-Season,Mid-range,Standard,Soft/Luxurious,Solid,,Green,,False,image\image_9,image_9,casual_resort_shirt,3.0,3.0,2.0,all_season,4.0,4.0,young_adult,masculine,4.0,4.0
Men's Cotton Long Sleeve Shirt Khaki / L,http://t3.gstatic.com/shopping?q=tbn:ANd9GcTykMjRpk-jf0zg4dsLER9GyjJ2tEW1jHCWWJP3QRsxMMIfPazUzbZtWcRCwA,30.68,1,image_10,Men,Cotton,Shirt,Long Sleeve,Khaki,L,Casual,All-Season,Mid-range,Standard,,Solid,,Khaki,,False,image\image_10,image_10,casual_resort_shirt,3.0,3.0,1.0,all_season,4.0,4.0,young_adult,masculine,3.0,4.0
Men's Cotton And Linen Classic Casual Stand-up Collar Short-sleeved Shirt Yellow / 5XL,http://t1.gstatic.com/shopping?q=tbn:ANd9GcRTQadzRNQNSntaxMXkUHt8J92e5PVZO3AcEKvb6iFk9QX9ezM-lkSNvPVt,28.76,1,image_11,Men,Cotton,Shirt,unknown,Yellow,5XL,Vintage,All-Season,Budget,Standard,,Solid,Collar,Yellow,,False,image\image_11,image_11,casual_resort_shirt,3.0,4.0,1.0,spring_summer,4.0,4.0,young_adult,masculine,3.0,4.0
Casual Loose Fit Shirt Sets (US Only) White / L,http://t1.gstatic.com/shopping?q=tbn:ANd9GcQ5gUcbB0_M09qdlPOZb4NpQFMHNwXcbe683T7-JDIG7Cbz-ZKqaIadBucI,54.97,0,image_12,unknown,unknown,Shirt & Shorts Set,unknown,White,L,Casual,All-Season,Mid-range,Loose,,Solid,,White,,False,image\image_12,image_12,casual_resort_shirt,3.0,3.0,2.0,all_season,4.0,4.0,young_adult,masculine,4.0,4.0
Casual Cotton and Linen Shirt Set White / L,http://t2.gstatic.com/shopping?q=tbn:ANd9GcQcldHSF4ZuTZJ4lE7o01wdsrznfyjGKhY4hPC53eqst_lFsHg9sX7rEWI6eQ,45.46,0,image_13,unknown,Cotton,Shirt & Shorts Set,unknown,White,L,Casual,All-Season,Mid-range,Standard,,Solid,,White,,False,image\image_13,image_13,smart_casual_shirt,4.0,4.0,1.0,autumn_winter,4.0,3.0,young_adult,masculine,2.0,4.0
Casual Loose Fit Shirt Sets (US Only) Clear Blue / XL,http://t1.gstatic.com/shopping?q=tbn:ANd9GcT1F8wV0gnkozhdqol-fYfahASOa4evkG7zdN29YJ_rMrGvq75PfL1jZNm0Xg,52.39,0,image_14,unknown,unknown,Shirt & Shorts Set,unknown,Clear Blue,XL,Casual,All-Season,Mid-range,Loose,,Solid,,Clear Blue,,False,image\image_14,image_14,casual_resort_shirt,3.0,3.0,2.0,all_season,4.0,4.0,young_adult,masculine,4.0,4.0
Casual Loose Fit Shirt Sets (US Only) Purple / L,http://t2.gstatic.com/shopping?q=tbn:ANd9GcTSIK3VduaK65e5xLX106mPVCDLX-djGfFCFExXg74cJPwUNs0Tl3A5ETC1vA,52.36,1,image_15,unknown,unknown,Shirt & Shorts Set,unknown,Purple,L,Casual,All-Season,Mid-range,Loose,,Solid,,Purple,,False,image\image_15,image_15,casual_resort_shirt,3.0,3.0,2.0,all_season,4.0,4.0,young_adult,masculine,4.0,4.0
Men's Vintage Premium Washed Shirt Black / L,http://t3.gstatic.com/shopping?q=tbn:ANd9GcQ8I1DHkhDkq1Ijy6Q_8z9ogGK_mAvqLHKTPHl8vi4Fc0Lhx_wTLkFP-EpgiHc,58.27,1,image_16,Men,unknown,Shirt,unknown,Black,L,Vintage,All-Season,Mid-range,Standard,Washed,Solid,,Black,,False,image\image_16,image_16,smart_casual_shirt,4.0,3.0,1.0,autumn_winter,4.0,3.0,young_adult,masculine,2.0,4.0
Athleisure Stretch Polo Shirt Sets Green / M,http://t2.gstatic.com/shopping?q=tbn:ANd9GcSiqmD5nTA1Bjda-IJIoeryl139DbY0brnXYJwS2lgdid6R6Sx4MH1lVQCdng,45.66,1,image_17,unknown,unknown,Polo & Shorts Set,unknown,Green,M,Casual,All-Season,Mid-range,Standard,Stretch,Solid,,Green,,False,image\image_17,image_17,casual_resort_shirt,3.0,3.0,1.0,all_season,4.0,4.0,young_adult,masculine,3.0,4.0
100% Cotton Henley Shirt and Shorts Set Coffee / L,http://t1.gstatic.com/shopping?q=tbn:ANd9GcSJpJ1G0CABUwGjDGh6qiJu-_7-bVTlFBHRof7NTorTxsVSn2iGbFRAA7Tk8w,54.04,0,image_18,unknown,Cotton,Shirt & Shorts Set,unknown,Coffee,L,Casual,Summer,Mid-range,Standard,,Solid,Henley,Coffee,,False,image\image_18,image_18,casual_resort_shirt,3.0,3.0,2.0,all_season,4.0,4.0,young_adult,masculine,3.0,4.0
Men's Summer Linen Shirt Pink / M,http://t0.gstatic.com/shopping?q=tbn:ANd9GcSyUFrJzptosNTRpGvkUaO0M2mO5SDUVWV6jK-_xmx8A7eXe2SCi-daI9VrF-M,36.09,0,image_19,Men,Linen,Shirt,unknown,Pink,M,Casual,Summer,Mid-range,Standard,,Solid,,Pink,,False,image\image_19,image_19,smart_casual_shirt,4.0,4.0,1.0,spring_summer,4.0,3.0,young_adult,masculine,2.0,4.0
Men's Linen Resort Casual Button-Down Everyday Short Sleeve Shirt Khaki / L,http://t3.gstatic.com/shopping?q=tbn:ANd9GcSizeDw52NkGVAMaMUGT6U818Nb3uPqBAT97ZHVtriYqdpCLH7psFCIqx6DmA,33.26,0,image_20,Men,Linen,Shirt,Short Sleeve,Khaki,L,Casual,Summer,Mid-range,Standard,,Solid,Button-Down,Khaki,,False,image\image_20,image_20,smart_casual_shirt,4.0,4.0,1.0,autumn_winter,4.0,3.0,young_adult,masculine,2.0,4.0
Men's Premium Washed Cotton Pocket Shirt Pink / L,http://t0.gstatic.com/shopping?q=tbn:ANd9GcT3f_lhsyaPXJgRIpkDfHoA4zsT981rm0zr3703RVDimjx3v-RyvkBdE2WcuA,61.87,1,image_21,Men,Cotton,Shirt,unknown,Pink,L,Casual,All-Season,Premium,Standard,Washed,Solid,Pocket,Pink,,False,image\image_21,image_21,smart_casual_shirt,4.0,4.0,1.0,spring_summer,4.0,3.0,young_adult,masculine,2.0,4.0
Classic Wrinkle-Free Dress Shirt (US Only) Black / L,http://t0.gstatic.com/shopping?q=tbn:ANd9GcQno57gdyGfM2hC0R19hwj4hdWtRJdqfQ64Zl8ypd1gl0JmPZYq1dX30xEFKg,29.45,1,image_22,unknown,unknown,Shirt,unknown,Black,L,Vintage,All-Season,Budget,Standard,,Solid,,Black,,False,image\image_22,image_22,casual_shirt,4.0,3.0,1.0,autumn_winter,4.0,3.0,young_adult,masculine,2.0,4.0
Long Sleeve Button Down Flannel Shirt (US Only) Army Green / L,http://t2.gstatic.com/shopping?q=tbn:ANd9GcTnO60_gzQLDyAOl1imnp8uRYv7UL8fbMkHlgnY5LvUBXLopTHrRwXXNzTpAA,29.46,0,image_23,unknown,Flannel,Shirt,Long Sleeve,Army Green,L,Casual,Winter,Budget,Standard,,Solid,,Army Green,,False,image\image_23,image_23,casual_resort_shirt,3.0,3.0,1.0,all_season,4.0,4.0,young_adult,masculine,3.0,4.0
Men's Linen Long Sleeve Shirts Blue / 5XL,http://t1.gstatic.com/shopping?q=tbn:ANd9GcSzLQy6QflQ-h3wYkfQYIbv9M4htavjIbwa4t_L00JSlIHp8wQp-syUzTkco2U,35.21,1,image_24,Men,Linen,Shirt,Long Sleeve,Blue,5XL,Casual,Summer,Mid-range,Standard,,Solid,,Blue,,False,image\image_24,image_24,casual_resort_shirt,3.0,3.0,1.0,all_season,4.0,4.0,young_adult,masculine,3.0,4.0
Essential Muscle Fit Dress Shirt Burgundy / XL,http://t3.gstatic.com/shopping?q=tbn:ANd9GcSVn6lHKrYmIk_eAlguMgkg32mdpD_BbR4BubJLKk12VikiM4uz1_Lldm-JQE0,63.24,1,image_25,unknown,unknown,Shirt,unknown,Burgundy,XL,Casual,All-Season,Premium,Muscle,,Solid,,Burgundy,,False,image\image_25,image_25,casual_shirt,3.0,2.0,1.0,all_season,3.0,3.0,young_adult,masculine,2.0,3.0
Long Sleeve Button Down Flannel Shirt (US Only) Black / L,http://t0.gstatic.com/shopping?q=tbn:ANd9GcSvp58A8RD_nLqoh7EzpL1z4-Cko0YWjsXf_Uo9HtSPdOihOO3x5YpvFjXUWQ,29.3,1,image_26,unknown,Flannel,Shirt,Long Sleeve,Black,L,Casual,Winter,Budget,Standard,,Solid,,Black,,False,image\image_26,image_26,smart_casual_shirt,4.0,3.0,1.0,autumn_winter,4.0,3.0,young_adult,masculine,2.0,4.0
Casual Loose Fit Shirt Sets (US Only) Khaki / XXL,http://t3.gstatic.com/shopping?q=tbn:ANd9GcRtB1pu07-9FmiIDQPw_Q5iyw-fvlMYkK8kaz7P1Cu9qW7RcyBSVKXm2H_k,50.7,1,image_27,unknown,unknown,Shirt & Shorts Set,unknown,Khaki,XXL,Casual,All-Season,Mid-range,Loose,,Solid,,Khaki,,False,image\image_27,image_27,casual_resort_shirt,3.0,3.0,2.0,all_season,4.0,4.0,young_adult,masculine,4.0,4.0
Casual Linen Skin-friendly Shirts (US Only) Dark Grey / L,http://t2.gstatic.com/shopping?q=tbn:ANd9GcRwc4dWA5q4VUD1dNjqkd9fxlx1umr4W22VCNjVvo5VpKgvCF5RdkqyHjEWZG07YU3bpXy3980,34.54,0,image_28,unknown,Linen,Shirt,unknown,Dark Grey,L,Casual,Summer,Mid-range,Standard,,Solid,,Dark Grey,,False,image\image_28,image_28,smart_casual_shirt,3.0,3.0,1.0,all_season,4.0,3.0,young_adult,masculine,2.0,4.0
Short Sleeve Collarless Golf Polo Shirts (US Only) Red / M,http://t1.gstatic.com/shopping?q=tbn:ANd9GcS_1qVn_pJHFv-f2_yzjhUuxv0AFlUyFpTblJy5ZQWcLFpaRTKe7H6J_Gt0jQ,27.87,1,image_29,unknown,unknown,Polo,Short Sleeve,Red,M,Casual,Summer,Budget,Standard,,Solid,Collar,Red,,False,image\image_29,image_29,casual_resort_shirt,2.0,3.0,1.0,all_season,3.0,4.0,young_adult,masculine,3.0,3.0
Casual Loose Fit Shirt Sets (US Only) Dark Green / L,http://t1.gstatic.com/shopping?q=tbn:ANd9GcTE2dENGxAAaVCfPm_JkIyVsgwIdT-tv0fzQ7LknXgp3eCIhSESg35lU_uq,54.95,0,image_30,unknown,unknown,Shirt & Shorts Set,unknown,Dark Green,L,Casual,All-Season,Mid-range,Loose,,Solid,,Dark Green,,False,image\image_30,image_30,casual_resort_shirt,3.0,3.0,2.0,all_season,4.0,4.0,young_adult,masculine,4.0,4.0
Leisure Textured Shirt Set Red / M,http://t2.gstatic.com/shopping?q=tbn:ANd9GcQ7Bb_SHETti130smKmouZgSxK18jWQmDEXHdKmlxArskVh6tfdb7_Zq9TNQQ,45.2,1,image_31,unknown,unknown,Shirt & Shorts Set,unknown,Red,M,Casual,All-Season,Mid-range,Standard,Textured,Solid,,Red,,False,image\image_31,image_31,casual_shirt,2.0,2.0,2.0,all_season,3.0,3.0,young_adult,masculine,3.0,3.0
Men's Ice Silk Shirt Thin Breathable Shirt White / 4XL,http://t0.gstatic.com/shopping?q=tbn:ANd9GcS-1C-cShD8O75mXhycil5FDlbXm_J7G_cgQklI4mNjAuFvADLFtpZ32CrVVKQ,34.01,1,image_32,Men,Silk,Shirt,unknown,White,4XL,Casual,All-Season,Mid-range,Standard,Breathable/Thin,Solid,,White,,False,image\image_32,image_32,smart_casual_shirt,4.0,4.0,1.0,autumn_winter,4.0,3.0,young_adult,masculine,2.0,4.0
Long Sleeve Button Down Flannel Shirt (US Only) Wine Red / L,http://t1.gstatic.com/shopping?q=tbn:ANd9GcSHK-TuPEpHF_PCuRxCAA7PsJCAsFTBvjodgWoy3uuDaciYV2up4R7-dwIDaA,29.79,0,image_33,unknown,Flannel,Shirt,Long Sleeve,Wine Red,L,Casual,Winter,Budget,Standard,,Solid,,Wine Red,,False,image\image_33,image_33,casual_resort_shirt,2.0,3.0,1.0,all_season,3.0,4.0,young_adult,masculine,3.0,3.0
Trendy Breathable T-shirt Set White / XXXL,http://t1.gstatic.com/shopping?q=tbn:ANd9GcQohm2zptg73DELPCTfpwD95hFaJMC0H0ONe3HDEBQ7nDBmNXNyCs6Xeq9baA,47.21,0,image_34,unknown,unknown,T-Shirt & Shorts Set,unknown,White,XXXL,Casual,All-Season,Mid-range,Standard,Breathable/Thin,Solid,,White,,False,image\image_34,image_34,casual_shirt,4.0,4.0,1.0,autumn_winter,4.0,3.0,young_adult,masculine,2.0,4.0
Casual Loose Fit Shirt Sets (US Only) Pink / L,http://t1.gstatic.com/shopping?q=tbn:ANd9GcTLrdCXN_wq82v0MjNtWiuLFC454E9o-OeeAAfQW5Nr7WAiN1GRs63r27D6,52.66,0,image_35,unknown,unknown,Shirt & Shorts Set,unknown,Pink,L,Casual,All-Season,Mid-range,Loose,,Solid,,Pink,,False,image\image_35,image_35,casual_resort_shirt,3.0,3.0,2.0,all_season,4.0,4.0,young_adult,masculine,4.0,4.0
Essential Muscle Fit Dress Shirt White / M,http://t3.gstatic.com/shopping?q=tbn:ANd9GcRK2EJOR11sOJdm7Qh49IQ2Qikf3nJ0LQ1VzARGOQwkfg2ab7IUI29wnpsqKA,67.79,1,image_36,unknown,unknown,Shirt,unknown,White,M,Casual,All-Season,Premium,Muscle,,Solid,,White,,False,image\image_36,image_36,smart_casual_shirt,4.0,3.0,1.0,autumn_winter,4.0,3.0,young_adult,masculine,2.0,4.0
Men's Vintage Linen Long Sleeve Shirt Navy Blue / L,http://t0.gstatic.com/shopping?q=tbn:ANd9GcSmAlVmLvX00waHlFFFcZqGZN_ZWn69yFUF9QpgM7wxmyBWO-eycVWOmmKkFA,41.68,0,image_37,Men,Linen,Shirt,Long Sleeve,Navy Blue,L,Vintage,Summer,Mid-range,Standard,,Solid,,Navy Blue,,False,image\image_37,image_37,casual_resort_shirt,3.0,3.0,1.0,all_season,4.0,4.0,young_adult,masculine,3.0,4.0
Cotton Hooded Shirt Shorts Sets Blue / L,http://t3.gstatic.com/shopping?q=tbn:ANd9GcQEPlIN2K9X5Xq1lpN7dp50o5DM5P7KZf_QeIILnT49aKfI0krWN5c25v0b2w,51.41,0,image_38,unknown,Cotton,Shirt & Shorts Set,unknown,Blue,L,Casual,Summer,Mid-range,Standard,,Solid,,Blue,,False,image\image_38,image_38,casual_resort_shirt,2.0,3.0,2.0,all_season,4.0,4.0,young_adult,masculine,4.0,4.0
Casual Loose Fit Pure Cotton Sports T-shirt/ Sports Shorts Shorts-Light Grey / 4XL,http://t1.gstatic.com/shopping?q=tbn:ANd9GcSes7fZWSqRnaNesNaXI625C_I1mEwDs1vYxAUM5jmf1Z-nOMc7uDzjOgwAdg,32.7,0,image_39,unknown,Cotton,T-Shirt & Shorts Set,unknown,Light Grey,4XL,Casual,Summer,Mid-range,Loose,,Solid,,Light Grey,,False,image\image_39,image_39,smart_casual_shirt,4.0,3.0,1.0,autumn_winter,4.0,3.0,young_adult,masculine,2.0,4.0
Men's Business Casual Checkered Colorblock Short Sleeve Shirts Dark Blue / M,http://t3.gstatic.com/shopping?q=tbn:ANd9GcRLTzgPwhaHNqXhwiLgnA7w6YKgclNGu1s1USMmLqPlChRCvbcO96IBYausL7M,29.97,0,image_40,Men,unknown,Shirt,Short Sleeve,Blue,M,Formal,Summer,Budget,Standard,,Checked,,Blue,,False,image\image_40,image_40,casual_resort_shirt,3.0,3.0,1.0,all_season,4.0,4.0,young_adult,masculine,3.0,4.0
Men's Linen Resort Casual Button-Down Everyday Short Sleeve Shirt Green / M,http://t3.gstatic.com/shopping?q=tbn:ANd9GcSCFhVEGv1pRBBqNIdK7XNzwZAzsIC0Kf__114UgKmRJD0j87mqzg0M0E3zAw,33.07,0,image_41,Men,Linen,Shirt,Short Sleeve,Green,M,Casual,Summer,Mid-range,Standard,,Solid,Button-Down,Green,,False,image\image_41,image_41,smart_casual_shirt,4.0,4.0,1.0,autumn_winter,4.0,3.0,young_adult,masculine,2.0,4.0
Casual Wrinkle Free Stretch Shirt (US Only) Blue / L,http://t2.gstatic.com/shopping?q=tbn:ANd9GcR8diKw8Llg8gkH1aKH1BEm6EuWuIzC7STQk5NA2C4krxR_qCVdVUozsWyO,32.27,0,image_42,unknown,unknown,Shirt,unknown,Blue,L,Casual,All-Season,Mid-range,Standard,Stretch,Solid,,Blue,,False,image\image_42,image_42,casual_resort_shirt,2.0,3.0,1.0,all_season,3.0,4.0,young_adult,masculine,3.0,3.0
Men's Linen Long Sleeve Shirts Green / 5XL,http://t0.gstatic.com/shopping?q=tbn:ANd9GcRy2g2DKW1wauux5TwoWf2v9kjWGzbdzg64_POXKBnpyNjE36InKr-mNKABXQ,34.06,1,image_43,Men,Linen,Shirt,Long Sleeve,Green,5XL,Casual,Summer,Mid-range,Standard,,Solid,,Green,,False,image\image_43,image_43,smart_casual_shirt,4.0,3.0,1.0,autumn_winter,4.0,3.0,young_adult,masculine,2.0,4.0
Easygoing Textured Shirt Shorts Set Beige / L,http://t0.gstatic.com/shopping?q=tbn:ANd9GcT0NDY3bIgiCcQz52Rz9nDllbjPOZv0H1z7EXPgs0h1JdSdEXvu48LFS1b6Yg,49.64,0,image_44,unknown,unknown,Shirt & Shorts Set,unknown,Beige,L,Casual,Summer,Mid-range,Standard,Textured,Solid,,Beige,,False,image\image_44,image_44,smart_casual_shirt,4.0,3.0,1.0,autumn_winter,4.0,3.0,young_adult,masculine,2.0,4.0
Essential Muscle Fit Dress Shirt Navy blue / M,http://t0.gstatic.com/shopping?q=tbn:ANd9GcSx62cueLeroDeu2IPnV0Zb-X1VvCokHO7wo4ipAInBmeMKyXektupOX2u_jA,67.12,0,image_45,unknown,unknown,Shirt,unknown,Navy Blue,M,Casual,All-Season,Premium,Muscle,,Solid,,Navy Blue,,False,image\image_45,image_45,casual_shirt,3.0,2.0,1.0,all_season,4.0,3.0,young_adult,masculine,2.0,4.0
Casual Cotton Linen Shirt Set Navy Blue / XXL,http://t2.gstatic.com/shopping?q=tbn:ANd9GcSqU4_4O1ewXElL4j1XJ-bzubbS2FxtUdaCLA9BYT7X8JIQh_sauEbjnOMi-Q,57.03,0,image_46,unknown,Cotton,Shirt & Shorts Set,unknown,Navy Blue,XXL,Casual,All-Season,Mid-range,Standard,,Solid,,Navy Blue,,False,image\image_46,image_46,casual_shirt,3.0,2.0,2.0,all_season,3.0,3.0,young_adult,masculine,3.0,3.0
Casual Cotton and Linen Shirt Set Sky Blue / S,http://t1.gstatic.com/shopping?q=tbn:ANd9GcQsSEMfe4X0Wj6DlQU6xQBDaLhmgl0vqB9jYRU_6VusxW3rdQ_GiLEaT1FuQw,48.9,0,image_47,unknown,Cotton,Shirt & Shorts Set,unknown,Sky Blue,S,Casual,All-Season,Mid-range,Standard,,Solid,,Sky Blue,,False,image\image_47,image_47,casual_resort_shirt,3.0,4.0,1.0,spring_summer,4.0,4.0,young_adult,masculine,2.0,4.0
Men's Vintage Linen Long Sleeve Shirt Coffee / L,http://t2.gstatic.com/shopping?q=tbn:ANd9GcQhelYjXJ8xPK0gFR0057_MX7HUYAA3rexHbLy8w3AbmFbFhngo-GcQDYPkkA,37.47,0,image_48,Men,Linen,Shirt,Long Sleeve,Coffee,L,Vintage,Summer,Mid-range,Standard,,Solid,,Coffee,,False,image\image_48,image_48,casual_resort_shirt,3.0,3.0,1.0,all_season,4.0,4.0,young_adult,masculine,3.0,4.0
Casual Cotton Linen Shirt Set Navy Blue / XL,http://t2.gstatic.com/shopping?q=tbn:ANd9GcSqU4_4O1ewXElL4j1XJ-bzubbS2FxtUdaCLA9BYT7X8JIQh_sauEbjnOMi-Q,53.29,0,image_49,unknown,Cotton,Shirt & Shorts Set,unknown,Navy Blue,XL,Casual,All-Season,Mid-range,Standard,,Solid,,Navy Blue,,False,image\image_49,image_49,casual_shirt,3.0,2.0,2.0,all_season,3.0,3.0,young_adult,masculine,3.0,3.0
Subtle Muscle Fit Dress Shirt White / M,http://t2.gstatic.com/shopping?q=tbn:ANd9GcTZzPGBlWm5H--8uGLeY9K6LJIxqwI3TLq0O6UnkXGoOOxXDDGxDr6qJMGfbaI,81.5,0,image_50,unknown,unknown,Shirt,unknown,White,M,Casual,All-Season,Premium,Muscle,,Solid,,White,,False,image\image_50,image_50,casual_resort_shirt,3.0,3.0,1.0,all_season,4.0,4.0,young_adult,masculine,3.0,4.0
Men's Short Sleeve Pocket Shirt Blue / L,http://t1.gstatic.com/shopping?q=tbn:ANd9GcQOZYuWPEGY1pcuvnt_7Zdh5e_1RMsqGjtZYw1SfeUlP9N9Zgl8YWDxkKNR88s,30.54,0,image_51,Men,unknown,Shirt,Short Sleeve,Blue,L,Casual,Summer,Mid-range,Standard,,Solid,Pocket,Blue,,False,image\image_51,image_51,casual_resort_shirt,3.0,3.0,1.0,all_season,4.0,4.0,young_adult,masculine,3.0,4.0
Men's Summer Solid Color Comfortable V-neck Short-sleeved T-shirt Blue / 3XL,http://t3.gstatic.com/shopping?q=tbn:ANd9GcQ1q8TnS-AL-TwK4AYKYMAUkCQEMvGN37HF2trdcXrLploUP0eHmbS3ZufEcA,20.47,0,image_52,Men,unknown,T-Shirt,V-Neck,Blue,3XL,Casual,All-Season,Budget,Standard,,Solid,V-Neck,Blue,,False,image\image_52,image_52,casual_resort_shirt,3.0,3.0,1.0,all_season,3.0,4.0,young_adult,masculine,3.0,4.0
Men's Cotton Long Sleeve Shirt Purple / 5XL,http://t2.gstatic.com/shopping?q=tbn:ANd9GcRQLPj1zmw8xm6LRCHgOkbOUmNJlyW7wk6IlZAzPo3rleWSQjvZT1_ZXzCfOps,29.73,0,image_53,Men,Cotton,Shirt,Long Sleeve,Purple,5XL,Casual,All-Season,Budget,Standard,,Solid,,Purple,,False,image\image_53,image_53,casual_resort_shirt,3.0,3.0,1.0,all_season,4.0,4.0,young_adult,masculine,3.0,4.0
Casual Loose Fit Shirt Sets (US Only) Khaki / XL,http://t3.gstatic.com/shopping?q=tbn:ANd9GcRtB1pu07-9FmiIDQPw_Q5iyw-fvlMYkK8kaz7P1Cu9qW7RcyBSVKXm2H_k,51.26,0,image_54,unknown,unknown,Shirt & Shorts Set,unknown,Khaki,XL,Casual,All-Season,Mid-range,Loose,,Solid,,Khaki,,False,image\image_54,image_54,casual_resort_shirt,3.0,3.0,2.0,all_season,4.0,4.0,young_adult,masculine,4.0,4.0
Effortless Comfort Textured Shirt Set Khaki / L,http://t3.gstatic.com/shopping?q=tbn:ANd9GcTSpEBC2E41ZV5umV5_V4gVzprp0cwZ1mMloOtTGapJKhP8eZb7IUhSYnpO76BVqVPy1Jk9Kw,70.41,0,image_55,unknown,unknown,Shirt & Shorts Set,unknown,Khaki,L,Casual,All-Season,Premium,Standard,Textured,Solid,,Khaki,,False,image\image_55,image_55,smart_casual_shirt,4.0,4.0,1.0,autumn_winter,4.0,3.0,young_adult,masculine,2.0,4.0
Cotton Linen Style Stripe Shirts Blue / L,http://t2.gstatic.com/shopping?q=tbn:ANd9GcQHqdo9IE_xmKK0D2lR2VDB-qksGROSkLaofQ6RgMhsmiWhWB-74bmozpzTMg,29.16,0,image_56,unknown,Cotton,Shirt,unknown,Blue,L,Casual,All-Season,Budget,Standard,,Striped,,Blue,,False,image\image_56,image_56,smart_casual_shirt,3.0,4.0,2.0,spring_summer,4.0,3.0,young_adult,masculine,2.0,4.0
Casual Graphic Cotton Linen Shirt PAT2 / L,http://t0.gstatic.com/shopping?q=tbn:ANd9GcT5vJlY8cKz_tvvu-iTMwuehgsjEZu733ql4LkJSQTgXQV3OtHSROksSaTr_w,28.64,1,image_57,unknown,Cotton,Shirt,unknown,unknown,L,Casual,All-Season,Budget,Standard,,Solid,,unknown,,False,image\image_57,image_57,smart_casual_shirt,3.0,4.0,2.0,spring_summer,4.0,3.0,young_adult,masculine,2.0,4.0
Men's Vintage Linen Long Sleeve Shirt Light Blue / M,http://t1.gstatic.com/shopping?q=tbn:ANd9GcRHvVxQzN-3kENYoowhAJ-0jjheOLdPpVhEdpU6GI1ao1p-wo-q8AkNYbVlUQ,38.68,0,image_58,Men,Linen,Shirt,Long Sleeve,Light Blue,M,Vintage,Summer,Mid-range,Standard,,Solid,,Light Blue,,False,image\image_58,image_58,casual_resort_shirt,3.0,3.0,1.0,all_season,4.0,4.0,young_adult,masculine,3.0,4.0
Casual Graphic Cotton Linen Shirt PAT1 / L,http://t2.gstatic.com/shopping?q=tbn:ANd9GcR-t932BKgmWjEYfulvYTX_uFI_Ltkz8SaTofpH43VYJtBnss194KZxcTn2hg,40.13,0,image_59,unknown,Cotton,Shirt,unknown,unknown,L,Casual,All-Season,Mid-range,Standard,,Solid,,unknown,,False,image\image_59,image_59,casual_resort_shirt,3.0,3.0,2.0,all_season,4.0,4.0,young_adult,masculine,4.0,4.0
Men's Vintage Linen Long Sleeve Shirt Light Blue / L,http://t1.gstatic.com/shopping?q=tbn:ANd9GcRHvVxQzN-3kENYoowhAJ-0jjheOLdPpVhEdpU6GI1ao1p-wo-q8AkNYbVlUQ,40.76,0,image_60,Men,Linen,Shirt,Long Sleeve,Light Blue,L,Vintage,Summer,Mid-range,Standard,,Solid,,Light Blue,,False,image\image_60,image_60,casual_resort_shirt,3.0,3.0,1.0,all_season,4.0,4.0,young_adult,masculine,3.0,4.0
Men's Ice Silk Shirt Thin Breathable Shirt White / 5XL,http://t0.gstatic.com/shopping?q=tbn:ANd9GcS-1C-cShD8O75mXhycil5FDlbXm_J7G_cgQklI4mNjAuFvADLFtpZ32CrVVKQ,35.72,0,image_61,Men,Silk,Shirt,unknown,White,5XL,Casual,All-Season,Mid-range,Standard,Breathable/Thin,Solid,,White,,False,image\image_61,image_61,smart_casual_shirt,4.0,4.0,1.0,autumn_winter,4.0,3.0,young_adult,masculine,2.0,4.0
Essential Muscle Fit Dress Shirt White / L,http://t3.gstatic.com/shopping?q=tbn:ANd9GcRK2EJOR11sOJdm7Qh49IQ2Qikf3nJ0LQ1VzARGOQwkfg2ab7IUI29wnpsqKA,66.74,1,image_62,unknown,unknown,Shirt,unknown,White,L,Casual,All-Season,Premium,Muscle,,Solid,,White,,False,image\image_62,image_62,smart_casual_shirt,4.0,3.0,1.0,autumn_winter,4.0,3.0,young_adult,masculine,2.0,4.0
Men's Washed Distressed Cotton Daily Short-sleeved T-shirt Khaki / 5XL,http://t0.gstatic.com/shopping?q=tbn:ANd9GcTk_78w7KfDlbPeOzz-BmbCy9QMz_NRvE29MdSK0igZMmo21sYEkGTkMUlBCik,28.39,1,image_63,Men,Cotton,T-Shirt,unknown,Khaki,5XL,Casual,All-Season,Budget,Standard,"Washed, Distressed",Solid,,Khaki,,False,image\image_63,image_63,casual_resort_shirt,3.0,4.0,1.0,spring_summer,4.0,4.0,young_adult,masculine,2.0,4.0
Men's Summer Linen Shirt Purple / M,http://t2.gstatic.com/shopping?q=tbn:ANd9GcTzp57r12Q94vmugn3vIeyop0qFtnN8QZ92iGa5Bjyp2IvqtHMTtkJz5MUw1g,38.81,1,image_64,Men,Linen,Shirt,unknown,Purple,M,Casual,Summer,Mid-range,Standard,,Solid,,Purple,,False,image\image_64,image_64,smart_casual_shirt,4.0,4.0,1.0,autumn_winter,4.0,3.0,young_adult,masculine,2.0,4.0
Vintage Knit Button Up Shirt (US Only) White / L,http://t1.gstatic.com/shopping?q=tbn:ANd9GcSngTfq15bxF5xZabEDfGxVX-jnQ6FNkJr5wd7Rfmaxh8xJYpQkAIpf6Y8m_8ocsDoNG3ePSqE,31.25,0,image_65,unknown,unknown,Shirt,unknown,White,L,Vintage,All-Season,Mid-range,Standard,,Solid,,White,,False,image\image_65,image_65,casual_shirt,4.0,5.0,1.0,autumn_winter,3.0,3.0,young_adult,masculine,2.0,3.0
Leisure Textured Shirt Set Dark Green / M,http://t1.gstatic.com/shopping?q=tbn:ANd9GcQc857e_RnHRm8N7odR4sXlOy4o7hcQZKbU2nGAU3as--H9AlRDRbtARMHz,42.74,0,image_66,unknown,unknown,Shirt & Shorts Set,unknown,Dark Green,M,Casual,All-Season,Mid-range,Standard,Textured,Solid,,Dark Green,,False,image\image_66,image_66,casual_resort_shirt,2.0,3.0,2.0,all_season,3.0,4.0,young_adult,masculine,4.0,3.0
Men's Summer Linen Shirt Brown / L,http://t1.gstatic.com/shopping?q=tbn:ANd9GcS3puZmDhI5lVPRbc2iPzKfyNAOu39GQCY_5PVqDuvMShaaz8oxGJ3S5AwL_w,36.3,0,image_67,Men,Linen,Shirt,unknown,Brown,L,Casual,Summer,Mid-range,Standard,,Solid,,Brown,,False,image\image_67,image_67,casual_resort_shirt,3.0,3.0,1.0,all_season,4.0,4.0,young_adult,masculine,3.0,4.0
Short Sleeve Collarless Golf Polo Shirts (US Only) Royal Blue / XL,http://t0.gstatic.com/shopping?q=tbn:ANd9GcSLN5Fe_xS1FxEQaSOR-WlapI7ped0ZoBz1JIu0VYAT2rs00g39AlK0WTEbmQ,27.91,0,image_68,unknown,unknown,Polo,Short Sleeve,Royal Blue,XL,Casual,Summer,Budget,Standard,,Solid,Collar,Royal Blue,,False,image\image_68,image_68,casual_resort_shirt,2.0,3.0,1.0,all_season,3.0,4.0,young_adult,masculine,3.0,3.0
Vintage-Inspired Geometric Knit Shirt Light Khaki / XXXL,http://t1.gstatic.com/shopping?q=tbn:ANd9GcSwY47vJP-tA1iaTyGzDZlHvyZTFJZRu-qvYQsow_7AgX7qZNnQI2fGCDJT,48.87,0,image_69,unknown,unknown,Shirt,unknown,Light Khaki,XXXL,Vintage,All-Season,Mid-range,Standard,,Geometric,,Light Khaki,,False,image\image_69,image_69,smart_casual_shirt,3.0,3.0,2.0,all_season,4.0,3.0,young_adult,masculine,2.0,4.0
Everyday Comfort Colorblock Waffle Shirt Black / L,http://t0.gstatic.com/shopping?q=tbn:ANd9GcTfW_wOi6vBWaPYbAdkTL_LEHpp6UcQEo7N1TgmMXZpHw-mrm3Z2Q-rb7sw,34.63,1,image_70,unknown,unknown,Shirt,unknown,Black,L,Casual,All-Season,Mid-range,Standard,,Solid,,Black,,False,image\image_70,image_70,smart_casual_shirt,4.0,3.0,1.0,autumn_winter,4.0,3.0,young_adult,masculine,2.0,4.0
Men's Linen Resort Casual Button-Down Everyday Short Sleeve Shirt Pink / M,http://t3.gstatic.com/shopping?q=tbn:ANd9GcSVnnJxISYty462tK5NVRuPWYs5ytUPykSlnG2e-s7XqFm0efpiLyjDHiv7,34.31,0,image_71,Men,Linen,Shirt,Short Sleeve,Pink,M,Casual,Summer,Mid-range,Standard,,Solid,Button-Down,Pink,,False,image\image_71,image_71,smart_casual_shirt,4.0,4.0,1.0,spring_summer,4.0,3.0,young_adult,masculine,2.0,4.0
Classic Wrinkle-Free Dress Shirt (US Only) Army Green / L,http://t3.gstatic.com/shopping?q=tbn:ANd9GcQhRR8EpH4IfgEv_oV-X4lJdi7qm9jj2O0sO9X6PvKfC-DrBIAKCODLSqe1,29.57,0,image_72,unknown,unknown,Shirt,unknown,Army Green,L,Vintage,All-Season,Budget,Standard,,Solid,,Army Green,,False,image\image_72,image_72,casual_resort_shirt,3.0,3.0,1.0,all_season,4.0,4.0,young_adult,masculine,3.0,4.0
Short Sleeve Collarless Golf Polo Shirts (US Only) Navy Blue / L,http://t0.gstatic.com/shopping?q=tbn:ANd9GcTT07RIQjmCiUbjoGhKY_gQSMmHdiud3PcDPR8mokKHu-BAjLRGCY7l9E4Evg,28.41,0,image_73,unknown,unknown,Polo,Short Sleeve,Navy Blue,L,Casual,Summer,Budget,Standard,,Solid,Collar,Navy Blue,,False,image\image_73,image_73,casual_shirt,4.0,3.0,1.0,autumn_winter,4.0,3.0,young_adult,masculine,2.0,4.0
Casual Linen Short Sleeve Shirt Sets (US Only) Blue / L,http://t1.gstatic.com/shopping?q=tbn:ANd9GcSxINmJhZGLm-gMcoB-R9d9KdHRimV5Qc3MTuvT15U_z6vmLtiu5dee1-ad,44.9,0,image_74,unknown,Linen,Shirt & Shorts Set,Short Sleeve,Blue,L,Casual,Summer,Mid-range,Standard,,Solid,,Blue,,False,image\image_74,image_74,smart_casual_shirt,3.0,4.0,2.0,all_season,4.0,3.0,young_adult,masculine,2.0,4.0
Vintage-Inspired Geometric Knit Shirt Green / L,http://t1.gstatic.com/shopping?q=tbn:ANd9GcSyAZlk6h8DxvreXvCN4iAbpC9awlgxq3Z9HmOTQGIrI0dzPNvRZGau7RH-AA,46.73,0,image_75,unknown,unknown,Shirt,unknown,Green,L,Vintage,All-Season,Mid-range,Standard,,Geometric,,Green,,False,image\image_75,image_75,casual_resort_shirt,3.0,3.0,2.0,all_season,4.0,4.0,young_adult,masculine,4.0,4.0
Leisure Textured Shirt Set White / XXXL,http://t3.gstatic.com/shopping?q=tbn:ANd9GcRdIzGbhBTXDJmWzu8FV_Kpz1oSJkVaptr3XsWUeqVs3NCiF4futwMdoe6H3Q,44.99,1,image_76,unknown,unknown,Shirt & Shorts Set,unknown,White,XXXL,Casual,All-Season,Mid-range,Standard,Textured,Solid,,White,,False,image\image_76,image_76,smart_casual_shirt,3.0,4.0,2.0,all_season,4.0,3.0,young_adult,masculine,2.0,4.0
Casual Linen Style Henley Shirt (US Only) Cream / M,http://t2.gstatic.com/shopping?q=tbn:ANd9GcSlarK1fJfjEm-4lgE08iSDdVpPgKibXCJLxJ_OZ8ORLt0H9aaECq3HamrWxA,29.38,1,image_77,unknown,Linen,Shirt,unknown,Cream,M,Casual,Summer,Budget,Standard,,Solid,Henley,Cream,,False,image\image_77,image_77,smart_casual_shirt,4.0,4.0,1.0,autumn_winter,4.0,3.0,young_adult,masculine,2.0,4.0
Men's Ice Silk Shirt Thin Breathable Shirt White / M,http://t0.gstatic.com/shopping?q=tbn:ANd9GcS-1C-cShD8O75mXhycil5FDlbXm_J7G_cgQklI4mNjAuFvADLFtpZ32CrVVKQ,35.51,1,image_78,Men,Silk,Shirt,unknown,White,M,Casual,All-Season,Mid-range,Standard,Breathable/Thin,Solid,,White,,False,image\image_78,image_78,smart_casual_shirt,4.0,4.0,1.0,autumn_winter,4.0,3.0,young_adult,masculine,2.0,4.0
Casual Linen Short Sleeve Shirt Sets (US Only) Light Blue / L,http://t2.gstatic.com/shopping?q=tbn:ANd9GcTGOVtKuRr5kMvq8enBnzZZDf0Yva6tzM1Dbq7pCA7AOMPtXOjVuzLjzQlIVQ,45.3,0,image_79,unknown,Linen,Shirt & Shorts Set,Short Sleeve,Light Blue,L,Casual,Summer,Mid-range,Standard,,Solid,,Light Blue,,False,image\image_79,image_79,smart_casual_shirt,3.0,4.0,2.0,all_season,4.0,3.0,young_adult,masculine,2.0,4.0
Effortless Comfort Textured Shirt Set Navy Blue / L,http://t3.gstatic.com/shopping?q=tbn:ANd9GcS9Z2T6e06Fx9P2F29zSMQwa9JRAa4ssXhR822VmXCG1MuU5ijhbS0LUDGyqK9WTHmecCZgiL4,68.53,0,image_80,unknown,unknown,Shirt & Shorts Set,unknown,Navy Blue,L,Casual,All-Season,Premium,Standard,Textured,Solid,,Navy Blue,,False,image\image_80,image_80,smart_casual_shirt,4.0,4.0,1.0,autumn_winter,4.0,3.0,young_adult,masculine,2.0,4.0
Men's Vintage Premium Washed Shirt Khaki / L,http://t0.gstatic.com/shopping?q=tbn:ANd9GcQDGZp4yVinVDXKxympV5jGzuU4L_M-_E9C6JyqBlsQ_Rwah0r9QvabD7lFYg,60.91,0,image_81,Men,unknown,Shirt,unknown,Khaki,L,Vintage,All-Season,Premium,Standard,Washed,Solid,,Khaki,,False,image\image_81,image_81,casual_resort_shirt,3.0,4.0,2.0,spring_summer,3.0,4.0,young_adult,masculine,4.0,4.0
Men's Vintage Velvet Shirt Black / M,http://t2.gstatic.com/shopping?q=tbn:ANd9GcR5ESCEU8orsB9cSFvyi0VmkLyY0c62UfoUCPwTgWVEicrGhAY01koEvi5aW4o,33.88,0,image_82,Men,unknown,Shirt,unknown,Black,M,Vintage,All-Season,Mid-range,Standard,,Solid,,Black,,False,image\image_82,image_82,casual_shirt,4.0,3.0,2.0,autumn_winter,4.0,3.0,young_adult,masculine,2.0,4.0
Men's Vintage Linen Long Sleeve Shirt Khaki / M,http://t2.gstatic.com/shopping?q=tbn:ANd9GcT5rHwWJLAyCb7N5pVm7AJ6I70qwGVeNCDLNWaUk6ANHYOulZP8kCF4-PJ7QQ,40.1,0,image_83,Men,Linen,Shirt,Long Sleeve,Khaki,M,Vintage,Summer,Mid-range,Standard,,Solid,,Khaki,,False,image\image_83,image_83,casual_resort_shirt,3.0,3.0,2.0,all_season,4.0,4.0,young_adult,masculine,4.0,4.0
Casual Loose Fit Shirt Sets (US Only) Light Gr een / L,http://t3.gstatic.com/shopping?q=tbn:ANd9GcS9Gj8_IZUPUSojxcknED3tXXct70C4HTwFWUyMcWt_eToVi8Vd47ZL_5zGCA,50.2,0,image_84,unknown,unknown,Shirt & Shorts Set,unknown,unknown,L,Casual,All-Season,Mid-range,Loose,,Solid,,unknown,,False,image\image_84,image_84,casual_resort_shirt,3.0,3.0,2.0,all_season,4.0,4.0,young_adult,masculine,4.0,4.0
Men's Cotton printed shirt Blue / M,http://t2.gstatic.com/shopping?q=tbn:ANd9GcSTdrMlF4h0wYHKqi9mymv7C2CXaH2lP2F3wbReDrDdNO32Fgt1B9kJjPYecc01M7GX7SjrIVhW,71.51,1,image_85,Men,Cotton,Shirt,unknown,Blue,M,Casual,All-Season,Premium,Standard,,Solid,,Blue,,False,image\image_85,image_85,smart_casual_shirt,3.0,3.0,2.0,all_season,4.0,3.0,young_adult,masculine,2.0,4.0
Men's Washed Distressed Cotton Daily Short-sleeved T-shirt Purple / 5XL,http://t0.gstatic.com/shopping?q=tbn:ANd9GcQyPJGMxWohBxD8A2-oCtZH4yVyzvPDT3PjDLUFMAUpC_XVESa2lGsduHxGyg,30.59,1,image_86,Men,Cotton,T-Shirt,unknown,Purple,5XL,Casual,All-Season,Mid-range,Standard,"Washed, Distressed",Solid,,Purple,,False,image\image_86,image_86,smart_casual_shirt,4.0,4.0,1.0,autumn_winter,4.0,3.0,young_adult,masculine,2.0,4.0
Men's Vintage Premium Washed Shirt Sky Blue / 4XL,http://t2.gstatic.com/shopping?q=tbn:ANd9GcSX3BhoWib7_mFJaMRE2c4yWhZYrudBbQkw1w7HL3gS0tjUr1EpOqqgxnuXIvU,62.7,0,image_87,Men,unknown,Shirt,unknown,Sky Blue,4XL,Vintage,All-Season,Premium,Standard,Washed,Solid,,Sky Blue,,False,image\image_87,image_87,casual_resort_shirt,3.0,4.0,2.0,spring_summer,4.0,4.0,young_adult,masculine,4.0,4.0
Fake Two-Piece T-shirt Shorts Set Khaki / L,http://t2.gstatic.com/shopping?q=tbn:ANd9GcQbtpdlgrj57HTkXDBEFHoPDnwUxCN0A01ZGDIGCXVHpriE-xTMkUE_9HJ-,61.32,0,image_88,unknown,unknown,T-Shirt & Shorts Set,unknown,Khaki,L,Casual,Summer,Premium,Standard,,Solid,,Khaki,,False,image\image_88,image_88,smart_casual_shirt,4.0,3.0,1.0,autumn_winter,4.0,3.0,young_adult,masculine,2.0,4.0
Casual Loose Fit Shirt Sets (US Only) Beige / M,http://t3.gstatic.com/shopping?q=tbn:ANd9GcRupgNRO-jYt2R3wf3riu7NSNgJPKm6sjwMBN6rxrRTc8scUaOtsupbw9-_,50.6,1,image_89,unknown,unknown,Shirt & Shorts Set,unknown,Beige,M,Casual,All-Season,Mid-range,Loose,,Solid,,Beige,,False,image\image_89,image_89,casual_resort_shirt,3.0,3.0,2.0,all_season,4.0,4.0,young_adult,masculine,4.0,4.0
Leisure Textured Shirt Set White / M,http://t3.gstatic.com/shopping?q=tbn:ANd9GcRdIzGbhBTXDJmWzu8FV_Kpz1oSJkVaptr3XsWUeqVs3NCiF4futwMdoe6H3Q,44.49,1,image_90,unknown,unknown,Shirt & Shorts Set,unknown,White,M,Casual,All-Season,Mid-range,Standard,Textured,Solid,,White,,False,image\image_90,image_90,smart_casual_shirt,3.0,4.0,2.0,all_season,4.0,3.0,young_adult,masculine,2.0,4.0
Subtle Muscle Fit Dress Shirt Black / M,http://t0.gstatic.com/shopping?q=tbn:ANd9GcSILW1rA5i-SzLV1eIvzPpoq_MaefyQgWgf9brl3Xj4o7h9Y_R5izNr3BX_bw,80.82,1,image_91,unknown,unknown,Shirt,unknown,Black,M,Casual,All-Season,Premium,Muscle,,Solid,,Black,,False,image\image_91,image_91,casual_shirt,3.0,2.0,1.0,all_season,3.0,3.0,young_adult,masculine,2.0,3.0
Vintage Embroidered Western Cowboy Shirt (US Only) Navy Blue / L,http://t3.gstatic.com/shopping?q=tbn:ANd9GcTtYS2tDTj6vK5V_o0DYIPkyRcL8SkbzL6XirUaIu3UlmMwWRc1ngXOqkeCblZeehBjgDlPpxw,39.88,1,image_92,unknown,unknown,Shirt,unknown,Navy Blue,L,Vintage,All-Season,Mid-range,Standard,,Embroidered,,Navy Blue,,False,image\image_92,image_92,casual_resort_shirt,3.0,3.0,1.0,all_season,4.0,4.0,young_adult,masculine,3.0,4.0
Men's Vintage Linen Long Sleeve Shirt Coffee / M,http://t2.gstatic.com/shopping?q=tbn:ANd9GcQhelYjXJ8xPK0gFR0057_MX7HUYAA3rexHbLy8w3AbmFbFhngo-GcQDYPkkA,40.15,0,image_93,Men,Linen,Shirt,Long Sleeve,Coffee,M,Vintage,Summer,Mid-range,Standard,,Solid,,Coffee,,False,image\image_93,image_93,casual_resort_shirt,3.0,3.0,1.0,all_season,4.0,4.0,young_adult,masculine,3.0,4.0
Leisure Textured Shirt Set Red / XXXL,http://t2.gstatic.com/shopping?q=tbn:ANd9GcQ7Bb_SHETti130smKmouZgSxK18jWQmDEXHdKmlxArskVh6tfdb7_Zq9TNQQ,41.81,1,image_94,unknown,unknown,Shirt & Shorts Set,unknown,Red,XXXL,Casual,All-Season,Mid-range,Standard,Textured,Solid,,Red,,False,image\image_94,image_94,casual_shirt,2.0,2.0,2.0,all_season,3.0,3.0,young_adult,masculine,3.0,3.0
Western Cowboy Embroidered Button Down Cotton Shirt (US Only) Khaki (Rose) / L,http://t3.gstatic.com/shopping?q=tbn:ANd9GcTT9_F1uJY2IR0uIuA2TG4-E2ilo1fmrwwCU64q6M1spaI8tPLIAwCzOHK9IA,39.95,0,image_95,unknown,Cotton,Shirt,unknown,Khaki,L,Casual,All-Season,Mid-range,Standard,,Embroidered,,Khaki,,False,image\image_95,image_95,smart_casual_shirt,3.0,4.0,2.0,spring_summer,4.0,3.0,young_adult,masculine,2.0,4.0
Casual Cotton Linen Shirt Set Navy Blue / L,http://t2.gstatic.com/shopping?q=tbn:ANd9GcSqU4_4O1ewXElL4j1XJ-bzubbS2FxtUdaCLA9BYT7X8JIQh_sauEbjnOMi-Q,52.97,0,image_96,unknown,Cotton,Shirt & Shorts Set,unknown,Navy Blue,L,Casual,All-Season,Mid-range,Standard,,Solid,,Navy Blue,,False,image\image_96,image_96,casual_shirt,3.0,2.0,2.0,all_season,3.0,3.0,young_adult,masculine,3.0,3.0
Classic Casual Button Down Cotton Linen Shirt (Us Only) Yellow / L,http://t0.gstatic.com/shopping?q=tbn:ANd9GcQkVsWXgFjE-vKQkoJBpkHMVY09o9YWW4hBQgF2dfPE9EWLa9T4hGbiyVJY,38.12,0,image_97,unknown,Cotton,Shirt,unknown,Yellow,L,Vintage,All-Season,Mid-range,Standard,,Solid,,Yellow,,False,image\image_97,image_97,casual_resort_shirt,3.0,4.0,1.0,spring_summer,3.0,4.0,young_adult,masculine,3.0,4.0
Chictango Striped Henley Shirt Apricot / L,http://t3.gstatic.com/shopping?q=tbn:ANd9GcSgdyTzpKu1ZimQy4MtXBmEtL9Z5EWsgNVTLGEHKggsuXieePUK7jqoYC7eEi4,34.49,1,image_98,unknown,unknown,Shirt,unknown,Apricot,L,Casual,All-Season,Mid-range,Standard,,Striped,Henley,Apricot,,False,image\image_98,image_98,smart_casual_shirt,4.0,4.0,2.0,autumn_winter,4.0,3.0,young_adult,masculine,2.0,4.0
Casual Loose Fit Shirt Sets (US Only) White / XL,http://t1.gstatic.com/shopping?q=tbn:ANd9GcQ5gUcbB0_M09qdlPOZb4NpQFMHNwXcbe683T7-JDIG7Cbz-ZKqaIadBucI,53.13,0,image_99,unknown,unknown,Shirt & Shorts Set,unknown,White,XL,Casual,All-Season,Mid-range,Loose,,Solid,,White,,False,image\image_99,image_99,casual_resort_shirt,3.0,3.0,2.0,all_season,4.0,4.0,young_adult,masculine,4.0,4.0
Men's Linen Resort Casual Button-Down Everyday Short Sleeve Shirt Green / L,http://t3.gstatic.com/shopping?q=tbn:ANd9GcSCFhVEGv1pRBBqNIdK7XNzwZAzsIC0Kf__114UgKmRJD0j87mqzg0M0E3zAw,32.79,1,image_100,Men,Linen,Shirt,Short Sleeve,Green,L,Casual,Summer,Mid-range,Standard,,Solid,Button-Down,Green,,False,image\image_100,image_100,smart_casual_shirt,4.0,4.0,1.0,autumn_winter,4.0,3.0,young_adult,masculine,2.0,4.0
Classic Casual Printed Button Down Cotton Linen Shirt (Us Only) Gree Leavesn / M,http://t0.gstatic.com/shopping?q=tbn:ANd9GcT6-52h4lpw4FkQEq30X3p1B31PhUSNvQ4mgSyqXlSJZNQ9NjQSB7ipdZTc5g,34.45,0,image_101,unknown,Cotton,Shirt,unknown,unknown,M,Vintage,All-Season,Mid-range,Standard,,Solid,,unknown,,False,image\image_101,image_101,smart_casual_shirt,3.0,4.0,2.0,all_season,4.0,3.0,young_adult,masculine,2.0,4.0
Vintage Shirt Coat (US Only) Dark Red / L,http://t1.gstatic.com/shopping?q=tbn:ANd9GcSMN9VNUA3WJdR0gKlNhKCnecFzSpulMgY5hW3T5B4KhVSl_dQASAUHAZtsDg,38.19,0,image_102,unknown,unknown,Shirt,unknown,Dark Red,L,Vintage,All-Season,Mid-range,Standard,,Solid,,Dark Red,,False,image\image_102,image_102,casual_resort_shirt,2.0,3.0,1.0,all_season,3.0,4.0,young_adult,masculine,3.0,3.0
Men's Comfort Vintage Cotton Long Sleeve Basic T-Shirt With Chest Pocket Green / L,http://t1.gstatic.com/shopping?q=tbn:ANd9GcQkSVSaRucCFt0JisJ2vvLcNpiKqI6-LsyfhQqu_1vQlAJn14W4b51nSZLP,32.37,1,image_103,Men,Cotton,T-Shirt,Long Sleeve,Green,L,Vintage,All-Season,Mid-range,Standard,,Solid,Pocket,Green,,False,image\image_103,image_103,casual_resort_shirt,3.0,3.0,1.0,all_season,4.0,4.0,young_adult,masculine,2.0,4.0
Short Sleeve Collarless Golf Polo Shirts (US Only) Red / XL,http://t1.gstatic.com/shopping?q=tbn:ANd9GcS_1qVn_pJHFv-f2_yzjhUuxv0AFlUyFpTblJy5ZQWcLFpaRTKe7H6J_Gt0jQ,27.19,0,image_104,unknown,unknown,Polo,Short Sleeve,Red,XL,Casual,Summer,Budget,Standard,,Solid,Collar,Red,,False,image\image_104,image_104,casual_resort_shirt,2.0,3.0,1.0,all_season,3.0,4.0,young_adult,masculine,3.0,3.0
Men's Casual Corduroy Pocket Short Sleeve Shirt Brown / L,http://t0.gstatic.com/shopping?q=tbn:ANd9GcRn_JQKbFXi-a9D5-mYI0Vwm84RSV9yvDSAXkEZepgSxMS0hrkHLpTeQETbp1k,60.09,0,image_105,Men,Corduroy,Shirt,Short Sleeve,Brown,L,Casual,Summer,Premium,Standard,,Solid,Pocket,Brown,,False,image\image_105,image_105,casual_resort_shirt,3.0,3.0,1.0,all_season,4.0,4.0,young_adult,masculine,3.0,4.0
Men's Vintage Premium Washed Shirt Khaki / 5XL,http://t0.gstatic.com/shopping?q=tbn:ANd9GcQDGZp4yVinVDXKxympV5jGzuU4L_M-_E9C6JyqBlsQ_Rwah0r9QvabD7lFYg,60.19,0,image_106,Men,unknown,Shirt,unknown,Khaki,5XL,Vintage,All-Season,Premium,Standard,Washed,Solid,,Khaki,,False,image\image_106,image_106,casual_resort_shirt,3.0,4.0,2.0,spring_summer,3.0,4.0,young_adult,masculine,4.0,4.0
Men's Vintage Premium Washed Shirt White / L,http://t2.gstatic.com/shopping?q=tbn:ANd9GcRzBSgaAaUI82bsGetc6NHzyWBEQ2t20abWLqmwfo6e6AMLp7UksAZmJnZ0iQ,59.67,1,image_107,Men,unknown,Shirt,unknown,White,L,Vintage,All-Season,Mid-range,Standard,Washed,Solid,,White,,False,image\image_107,image_107,smart_casual_shirt,4.0,4.0,1.0,autumn_winter,4.0,3.0,young_adult,masculine,2.0,4.0
Casual Loose Fit Shirt Sets (US Only) Black / M,http://t0.gstatic.com/shopping?q=tbn:ANd9GcQkoYxwXXLNfBoT79S4_xXNmuQ9E773wemzrs2v47gGGTQTSIhJLR_DKYj_-w,50.8,0,image_108,unknown,unknown,Shirt & Shorts Set,unknown,Black,M,Casual,All-Season,Mid-range,Loose,,Solid,,Black,,False,image\image_108,image_108,casual_resort_shirt,3.0,3.0,2.0,all_season,4.0,4.0,young_adult,masculine,4.0,4.0
Men's Washed Distressed Cotton Daily Short-sleeved T-shirt Blue / L,http://t2.gstatic.com/shopping?q=tbn:ANd9GcR4oc7jP1eAeEgdY4msTmOMxmhkUnGHX0blYpmgQkJRFZxmwezWdF_qvnMFusg,27.17,0,image_109,Men,Cotton,T-Shirt,unknown,Blue,L,Casual,All-Season,Budget,Standard,"Washed, Distressed",Solid,,Blue,,False,image\image_109,image_109,smart_casual_shirt,4.0,4.0,1.0,spring_summer,4.0,3.0,young_adult,masculine,2.0,4.0
Vintage-Inspired Geometric Knit Shirt Black / L,http://t3.gstatic.com/shopping?q=tbn:ANd9GcQ8VEPEsgUvM5GoqaY7EUaB0ifRIjZkzZUez-lahcD0ORGSOcu8a4_05fJLjw,46.0,0,image_110,unknown,unknown,Shirt,unknown,Black,L,Vintage,All-Season,Mid-range,Standard,,Geometric,,Black,,False,image\image_110,image_110,smart_casual_shirt,3.0,3.0,2.0,all_season,4.0,3.0,young_adult,masculine,2.0,4.0
Men's Vintage Linen Long Sleeve Shirt Yellow / M,http://t3.gstatic.com/shopping?q=tbn:ANd9GcRRmTUdyTha_3lE_t7gJtAMOcsxFflJwWNgAOeiLRcLYnM0TNqFWUIEZgfEVyY,41.48,0,image_111,Men,Linen,Shirt,Long Sleeve,Yellow,M,Vintage,Summer,Mid-range,Standard,,Solid,,Yellow,,False,image\image_111,image_111,casual_resort_shirt,3.0,3.0,1.0,all_season,3.0,4.0,young_adult,masculine,3.0,4.0
Casual Loose Fit Shirt Sets (US Only) Purple / M,http://t2.gstatic.com/shopping?q=tbn:ANd9GcTSIK3VduaK65e5xLX106mPVCDLX-djGfFCFExXg74cJPwUNs0Tl3A5ETC1vA,49.55,0,image_112,unknown,unknown,Shirt & Shorts Set,unknown,Purple,M,Casual,All-Season,Mid-range,Loose,,Solid,,Purple,,False,image\image_112,image_112,casual_resort_shirt,3.0,3.0,2.0,all_season,4.0,4.0,young_adult,masculine,4.0,4.0
Casual Loose Fit Pure Cotton Sports T-shirt/ Sports Shorts Shorts-Light Grey / M,http://t1.gstatic.com/shopping?q=tbn:ANd9GcSes7fZWSqRnaNesNaXI625C_I1mEwDs1vYxAUM5jmf1Z-nOMc7uDzjOgwAdg,34.31,0,image_113,unknown,Cotton,T-Shirt & Shorts Set,unknown,Light Grey,M,Casual,Summer,Mid-range,Loose,,Solid,,Light Grey,,False,image\image_113,image_113,smart_casual_shirt,4.0,3.0,1.0,autumn_winter,4.0,3.0,young_adult,masculine,2.0,4.0
Men's Linen Resort Casual Button-Down Everyday Short Sleeve Shirt Purple / M,http://t1.gstatic.com/shopping?q=tbn:ANd9GcQspiLDQEmb6xDYezdqTZJOwPGluw0hO7WJkGMVoI5pFxSis2UIkDgKc8Tm,32.83,0,image_114,Men,Linen,Shirt,Short Sleeve,Purple,M,Casual,Summer,Mid-range,Standard,,Solid,Button-Down,Purple,,False,image\image_114,image_114,smart_casual_shirt,3.0,4.0,1.0,spring_summer,4.0,3.0,young_adult,masculine,2.0,4.0
Short Sleve Collarless Golf Polo Shirts (US Only) Blue / L,http://t1.gstatic.com/shopping?q=tbn:ANd9GcTOv4LI3Tqz1XJVnkTfOjeMIqbuejqM7HDM7w0PyV726t3F0XJIYf6ZF9-h,27.86,0,image_115,unknown,unknown,Polo,unknown,Blue,L,Casual,All-Season,Budget,Standard,,Solid,Collar,Blue,,False,image\image_115,image_115,casual_resort_shirt,2.0,3.0,1.0,all_season,3.0,4.0,young_adult,masculine,3.0,3.0
Classic Casual Printed Button Down Cotton Linen Shirt (Us Only) Red / L,http://t0.gstatic.com/shopping?q=tbn:ANd9GcRV_GjxOy75TzZJs0bFgD2Tso3953ZAGJKYJyzm0pcIwDqSh268JAJtMOlR,35.36,0,image_116,unknown,Cotton,Shirt,unknown,Red,L,Vintage,All-Season,Mid-range,Standard,,Solid,,Red,,False,image\image_116,image_116,casual_resort_shirt,3.0,4.0,2.0,spring_summer,3.0,4.0,young_adult,masculine,4.0,4.0
Men's Vintage Premium Washed Shirt White / M,http://t2.gstatic.com/shopping?q=tbn:ANd9GcRzBSgaAaUI82bsGetc6NHzyWBEQ2t20abWLqmwfo6e6AMLp7UksAZmJnZ0iQ,63.56,1,image_117,Men,unknown,Shirt,unknown,White,M,Vintage,All-Season,Premium,Standard,Washed,Solid,,White,,False,image\image_117,image_117,smart_casual_shirt,4.0,4.0,1.0,autumn_winter,4.0,3.0,young_adult,masculine,2.0,4.0
Casual Linen Blend Guayabera Shirt (US Only) White / L,http://t3.gstatic.com/shopping?q=tbn:ANd9GcQhV20RxogGHKpWME1I8AgeehPH-nPkbu_HF4eePqn_R7aKVPYMgsawfbrJ,30.35,0,image_118,unknown,Linen,Shirt,unknown,White,L,Casual,Summer,Mid-range,Standard,,Solid,,White,,False,image\image_118,image_118,casual_shirt,4.0,4.0,1.0,autumn_winter,4.0,3.0,young_adult,masculine,2.0,4.0
Essential Muscle Fit Dress Shirt Navy blue / L,http://t0.gstatic.com/shopping?q=tbn:ANd9GcSx62cueLeroDeu2IPnV0Zb-X1VvCokHO7wo4ipAInBmeMKyXektupOX2u_jA,64.08,1,image_119,unknown,unknown,Shirt,unknown,Navy Blue,L,Casual,All-Season,Premium,Muscle,,Solid,,Navy Blue,,False,image\image_119,image_119,casual_shirt,3.0,2.0,1.0,all_season,4.0,3.0,young_adult,masculine,2.0,4.0
Men's Vintage Velvet Shirt Wine Red / L,http://t1.gstatic.com/shopping?q=tbn:ANd9GcQUz8dGX0-0eM3-HUjHWQTc9-DYqSlvqZ5L_xPRY3ZOdOBtBGfKjYnx0Sm8DBc,33.07,0,image_120,Men,unknown,Shirt,unknown,Wine Red,L,Vintage,All-Season,Mid-range,Standard,,Solid,,Wine Red,,False,image\image_120,image_120,casual_resort_shirt,2.0,3.0,2.0,all_season,3.0,4.0,young_adult,masculine,4.0,3.0
Men's Summer Solid Color Comfortable V-neck Short-sleeved T-shirt White / L,http://t3.gstatic.com/shopping?q=tbn:ANd9GcQYvPYp68fz79_x6P-mm7ddQIcK5jOB3Yc5uEx5IgsKjgZHgNq9MeumtX5-,19.89,1,image_121,Men,unknown,T-Shirt,V-Neck,White,L,Casual,All-Season,Budget,Standard,,Solid,V-Neck,White,,False,image\image_121,image_121,smart_casual_shirt,4.0,4.0,1.0,autumn_winter,4.0,3.0,young_adult,masculine,2.0,4.0
Casual Linen Short Sleeve Shirt Sets (US Only) Khaki / L,http://t3.gstatic.com/shopping?q=tbn:ANd9GcQXmPx8sEw6d-3n6m9R-I2oqOVaPjVo6blIcu2FfT0woF3CLxlrn-nRhEIEYA,45.99,0,image_122,unknown,Linen,Shirt & Shorts Set,Short Sleeve,Khaki,L,Casual,Summer,Mid-range,Standard,,Solid,,Khaki,,False,image\image_122,image_122,smart_casual_shirt,3.0,4.0,2.0,all_season,4.0,3.0,young_adult,masculine,2.0,4.0
Essential Muscle Fit Dress Shirt Black / L,http://t2.gstatic.com/shopping?q=tbn:ANd9GcTjSy45YzHEGNHy7zPsO8UW1HoGnXkmI-vnbowYlzJJAM2CO-cgFbKK5dU_1_Q,66.38,1,image_123,unknown,unknown,Shirt,unknown,Black,L,Casual,All-Season,Premium,Muscle,,Solid,,Black,,False,image\image_123,image_123,casual_shirt,3.0,2.0,2.0,all_season,3.0,3.0,young_adult,masculine,3.0,3.0
Men's Outdoor Casual Shirt Purple / L,http://t1.gstatic.com/shopping?q=tbn:ANd9GcTuG5LEBFFjRYaLJC4JvJQjTwsaRsoWzDOTK7kr7_gtPHTkjaUcXhto67vJHw,37.31,0,image_124,Men,unknown,Shirt,unknown,Purple,L,Casual,All-Season,Mid-range,Standard,,Solid,,Purple,,False,image\image_124,image_124,smart_casual_shirt,4.0,4.0,1.0,autumn_winter,4.0,3.0,young_adult,masculine,2.0,4.0
Men's Short Sleeve Pocket Shirt Blue / 5XL,http://t1.gstatic.com/shopping?q=tbn:ANd9GcQOZYuWPEGY1pcuvnt_7Zdh5e_1RMsqGjtZYw1SfeUlP9N9Zgl8YWDxkKNR88s,28.78,0,image_125,Men,unknown,Shirt,Short Sleeve,Blue,5XL,Casual,Summer,Budget,Standard,,Solid,Pocket,Blue,,False,image\image_125,image_125,casual_resort_shirt,3.0,3.0,1.0,all_season,4.0,4.0,young_adult,masculine,3.0,4.0
Striped Casual Shirt Blue / M,http://t1.gstatic.com/shopping?q=tbn:ANd9GcQTMXC27a7rkFpdl3LJebP3Vr0m6LnGGVB5eM7ihPQsGnZZxV-7nxnwfJgfFg,27.09,0,image_126,unknown,unknown,Shirt,unknown,Blue,M,Casual,All-Season,Budget,Standard,,Striped,,Blue,,False,image\image_126,image_126,smart_casual_shirt,3.0,4.0,2.0,all_season,4.0,3.0,young_adult,masculine,2.0,4.0
Cotton Linen Style Henley Shirt (US Only) Khaki / L,http://t2.gstatic.com/shopping?q=tbn:ANd9GcQrEzrKapk1ptIEJT6G9ze7e2bgjLW1owSpE8budNa9HAzF-f7kgv3VBBg5,35.1,0,image_127,unknown,Cotton,Shirt,unknown,Khaki,L,Casual,All-Season,Mid-range,Standard,,Solid,Henley,Khaki,,False,image\image_127,image_127,smart_casual_shirt,4.0,4.0,1.0,autumn_winter,4.0,3.0,young_adult,masculine,2.0,4.0
Vintage Embroidered Western Cowboy Shirt (US Only) Army Green / L,http://t2.gstatic.com/shopping?q=tbn:ANd9GcSALcGnzxDvd4QUPg3y28SbMi6223FX-n7LAM3NN_gpBq2vMU6XR3YXDNPKUb9xFbnaY4iuiqk,40.16,0,image_128,unknown,unknown,Shirt,unknown,Army Green,L,Vintage,All-Season,Mid-range,Standard,,Embroidered,,Army Green,,False,image\image_128,image_128,smart_casual_shirt,4.0,3.0,1.0,autumn_winter,4.0,3.0,young_adult,masculine,2.0,4.0
Modern Soft Cable Knit Shirt Black / L,http://t1.gstatic.com/shopping?q=tbn:ANd9GcR-8vECl7-JXAdr2tcvwlHhq43BHSKex1fr2azrS1MlsF7Hr8Spur46Cy2r,43.18,0,image_129,unknown,unknown,Shirt,unknown,Black,L,Casual,All-Season,Mid-range,Standard,Soft/Luxurious,Solid,,Black,,False,image\image_129,image_129,smart_casual_shirt,3.0,3.0,2.0,all_season,4.0,3.0,young_adult,masculine,2.0,4.0
Modern Soft Cable Knit Shirt Green / XL,http://t1.gstatic.com/shopping?q=tbn:ANd9GcQohXcLkqjOTRkOdkz81noKlPcBAeoK91M1Fva-6RiVj1RYd86HS6P9rmfQbw,44.4,0,image_130,unknown,unknown,Shirt,unknown,Green,XL,Casual,All-Season,Mid-range,Standard,Soft/Luxurious,Solid,,Green,,False,image\image_130,image_130,casual_resort_shirt,3.0,3.0,2.0,all_season,4.0,4.0,young_adult,masculine,4.0,4.0
Men's Vintage Premium Washed Shirt Sky Blue / 2XL,http://t2.gstatic.com/shopping?q=tbn:ANd9GcSX3BhoWib7_mFJaMRE2c4yWhZYrudBbQkw1w7HL3gS0tjUr1EpOqqgxnuXIvU,62.29,0,image_131,Men,unknown,Shirt,unknown,Sky Blue,2XL,Vintage,All-Season,Premium,Standard,Washed,Solid,,Sky Blue,,False,image\image_131,image_131,casual_resort_shirt,3.0,4.0,2.0,spring_summer,4.0,4.0,young_adult,masculine,4.0,4.0
Casual Cotton Hollow Lace Shirt Set Pink / L,http://t3.gstatic.com/shopping?q=tbn:ANd9GcSQ1o9dCetvAtS3c5hqvd7-GJKlh-bHlkxYpnM337Hx2iMsPAiW2ebD-x56,53.89,0,image_132,unknown,Cotton,Shirt & Shorts Set,unknown,Pink,L,Casual,All-Season,Mid-range,Standard,,Solid,,Pink,,False,image\image_132,image_132,casual_resort_shirt,3.0,4.0,1.0,spring_summer,3.0,4.0,young_adult,masculine,3.0,4.0
Embroidered Cowboy Button Down Shirt (US Only) White / L,http://t2.gstatic.com/shopping?q=tbn:ANd9GcQum0Lt2JIK6eJrKTxUY2eYigpN1hvhkbsHFl4sXdrvRL1vV3kb3btp_JvrOQ,42.53,0,image_133,unknown,unknown,Shirt,unknown,White,L,Casual,All-Season,Mid-range,Standard,,Embroidered,,White,,False,image\image_133,image_133,casual_shirt,4.0,5.0,2.0,autumn_winter,3.0,3.0,young_adult,masculine,2.0,3.0
Casual Cotton Linen Shirt Set White / M,http://t0.gstatic.com/shopping?q=tbn:ANd9GcS7deVuHG3HtUI1whZM2ecWvDB-5WriOnac08BmZanUcYzbAWS6rvigkW6tlA,54.4,1,image_134,unknown,Cotton,Shirt & Shorts Set,unknown,White,M,Casual,All-Season,Mid-range,Standard,,Solid,,White,,False,image\image_134,image_134,casual_resort_shirt,3.0,3.0,2.0,all_season,4.0,4.0,young_adult,masculine,3.0,4.0
Classic Casual Button Down Cotton Linen Shirt (Us Only) Wine Red / L,http://t0.gstatic.com/shopping?q=tbn:ANd9GcRHyvL2a5e1zMek4R8ecmI0NxGqPdyiUxY3zlfeK_xGVzIpyY_uhS3qBN09,34.85,1,image_135,unknown,Cotton,Shirt,unknown,Wine Red,L,Vintage,All-Season,Mid-range,Standard,,Solid,,Wine Red,,False,image\image_135,image_135,casual_resort_shirt,3.0,3.0,1.0,all_season,3.0,4.0,young_adult,masculine,3.0,4.0
Men's Linen Resort Casual Button-Down Everyday Short Sleeve Shirt Purple / L,http://t1.gstatic.com/shopping?q=tbn:ANd9GcQspiLDQEmb6xDYezdqTZJOwPGluw0hO7WJkGMVoI5pFxSis2UIkDgKc8Tm,33.58,0,image_136,Men,Linen,Shirt,Short Sleeve,Purple,L,Casual,Summer,Mid-range,Standard,,Solid,Button-Down,Purple,,False,image\image_136,image_136,smart_casual_shirt,3.0,4.0,1.0,spring_summer,4.0,3.0,young_adult,masculine,2.0,4.0
Casual Linen Blend Guayabera Shirt (US Only) Dark Red / L,http://t1.gstatic.com/shopping?q=tbn:ANd9GcSdXdcJTfd10I9bWD58iElHeYo1PlRM8SGu6tOpjGhA_9L5jEA2fjILAdbH,28.74,1,image_137,unknown,Linen,Shirt,unknown,Dark Red,L,Casual,Summer,Budget,Standard,,Solid,,Dark Red,,False,image\image_137,image_137,casual_resort_shirt,3.0,3.0,1.0,all_season,4.0,4.0,young_adult,masculine,3.0,4.0
Embroidered Cowboy Button Down Shirt (US Only) Coffee / L,http://t0.gstatic.com/shopping?q=tbn:ANd9GcQt_-B7z8AD65Wq9nQ0vWlWeX8Hzc74zv2vswdCKyYLnIl_gP-PnyOHkFy9,42.18,1,image_138,unknown,unknown,Shirt,unknown,Coffee,L,Casual,All-Season,Mid-range,Standard,,Embroidered,,Coffee,,False,image\image_138,image_138,casual_resort_shirt,3.0,3.0,1.0,all_season,3.0,4.0,young_adult,masculine,3.0,4.0
Men's Linen Striped Half Button Shirt Mustard Yellow / L,http://t1.gstatic.com/shopping?q=tbn:ANd9GcT5dyb7lcXkVmBIbA2qbznEQJN0BreOlorw9VfvaFx825yW0hFAynqHWDXHh-h9jNhBXPkHMg,33.27,0,image_139,Men,Linen,Shirt,unknown,Yellow,L,Casual,Summer,Mid-range,Standard,,Striped,,Yellow,,False,image\image_139,image_139,casual_resort_shirt,3.0,4.0,1.0,spring_summer,3.0,4.0,young_adult,masculine,3.0,4.0
Men's Linen Resort Casual Button-Down Everyday Short Sleeve Shirt Black / L,http://t1.gstatic.com/shopping?q=tbn:ANd9GcSrJ7RfP_Ud7s8z0XEbq5KjyvXm9O76-bbBONVGW4pmIYlLZWUvgxWYKg9-BQ,33.85,1,image_140,Men,Linen,Shirt,Short Sleeve,Black,L,Casual,Summer,Mid-range,Standard,,Solid,Button-Down,Black,,False,image\image_140,image_140,smart_casual_shirt,4.0,3.0,1.0,autumn_winter,4.0,3.0,young_adult,masculine,2.0,4.0
Men's Cotton printed shirt Purple / L,http://t1.gstatic.com/shopping?q=tbn:ANd9GcQB7Elc8FPMTpWjDB6Sba3Jo1WqdC9zZgZwOW8J3rhLNIl225TWpipFJWqChcudFUnx8qg4fFI,67.62,1,image_141,Men,Cotton,Shirt,unknown,Purple,L,Casual,All-Season,Premium,Standard,,Solid,,Purple,,False,image\image_141,image_141,casual_shirt,4.0,3.0,2.0,autumn_winter,4.0,3.0,young_adult,masculine,2.0,4.0
Men's Linen Henley Long Sleeve Shirt Pink / L,http://t2.gstatic.com/shopping?q=tbn:ANd9GcTZ0F_4sZggGRfkJyg-mXAoSme4qbfO6y1dwGVFFH7lGzbfd5jlixKJ9-WbRXw,30.33,1,image_142,Men,Linen,Shirt,Long Sleeve,Pink,L,Casual,Summer,Mid-range,Standard,,Solid,Henley,Pink,,False,image\image_142,image_142,smart_casual_shirt,4.0,4.0,1.0,autumn_winter,4.0,3.0,young_adult,masculine,2.0,4.0
Casual Cotton Linen Shirt Set White / XXL,http://t0.gstatic.com/shopping?q=tbn:ANd9GcS7deVuHG3HtUI1whZM2ecWvDB-5WriOnac08BmZanUcYzbAWS6rvigkW6tlA,55.78,0,image_143,unknown,Cotton,Shirt & Shorts Set,unknown,White,XXL,Casual,All-Season,Mid-range,Standard,,Solid,,White,,False,image\image_143,image_143,casual_resort_shirt,3.0,3.0,2.0,all_season,4.0,4.0,young_adult,masculine,3.0,4.0
Men's Ice Silk Shirt Thin Breathable Shirt White / L,http://t0.gstatic.com/shopping?q=tbn:ANd9GcS-1C-cShD8O75mXhycil5FDlbXm_J7G_cgQklI4mNjAuFvADLFtpZ32CrVVKQ,35.54,1,image_144,Men,Silk,Shirt,unknown,White,L,Casual,All-Season,Mid-range,Standard,Breathable/Thin,Solid,,White,,False,image\image_144,image_144,smart_casual_shirt,4.0,4.0,1.0,autumn_winter,4.0,3.0,young_adult,masculine,2.0,4.0
Men's Washed Distressed Cotton Daily Short-sleeved T-shirt Beige / L,http://t1.gstatic.com/shopping?q=tbn:ANd9GcSu7y3O1O8gugobTg_rcH9CUU0tW37YNsCKPVxWd3emS8wjLw-Ja-Tva5R8sTc,27.37,1,image_145,Men,Cotton,T-Shirt,unknown,Beige,L,Casual,All-Season,Budget,Standard,"Washed, Distressed",Solid,,Beige,,False,image\image_145,image_145,smart_casual_shirt,4.0,4.0,1.0,autumn_winter,4.0,3.0,young_adult,masculine,2.0,4.0
Essential Muscle Fit Dress Shirt Light Green / L,http://t1.gstatic.com/shopping?q=tbn:ANd9GcS56lirh2ddYIVUkrOfpQTgBOtdU4C_rye1J-CG-n1anEccIz9a1eeWd2OyFg,63.84,1,image_146,unknown,unknown,Shirt,unknown,Light Green,L,Casual,All-Season,Premium,Muscle,,Solid,,Light Green,,False,image\image_146,image_146,smart_casual_shirt,3.0,4.0,2.0,all_season,4.0,3.0,young_adult,masculine,2.0,4.0
Men's Premium Washed Cotton Pocket Shirt Khaki / L,http://t0.gstatic.com/shopping?q=tbn:ANd9GcTKBtXvy6AhtEvtNhH3Hay6VYLRiFxdoR4VNYIKXRrMqO6BUqe3SKzRrgf_VA,60.9,1,image_147,Men,Cotton,Shirt,unknown,Khaki,L,Casual,All-Season,Premium,Standard,Washed,Solid,Pocket,Khaki,,False,image\image_147,image_147,casual_resort_shirt,3.0,4.0,1.0,spring_summer,4.0,4.0,young_adult,masculine,2.0,4.0
Men's Luxurious Touch Stretch Cotton T-Shirt Black / S,http://t2.gstatic.com/shopping?q=tbn:ANd9GcQJW6xdRk0wM7YB5N9u9aRZ9czGXADUeXYeU5R0lEvg8gmMyzpq4qAEwIIWdg,24.36,1,image_148,Men,Cotton,T-Shirt,unknown,Black,S,Casual,All-Season,Budget,Standard,"Stretch, Soft/Luxurious",Solid,,Black,,False,image\image_148,image_148,casual_shirt,4.0,3.0,1.0,autumn_winter,4.0,3.0,young_adult,masculine,2.0,4.0
Men's Summer Linen Shirt Orange / M,http://t3.gstatic.com/shopping?q=tbn:ANd9GcShltvsgeIxY5SZyESNexCGcmaqEhLcy7LyolbsV68xpZMPD6b_iQF4kEvSow,35.49,0,image_149,Men,Linen,Shirt,unknown,Orange,M,Casual,Summer,Mid-range,Standard,,Solid,,Orange,,False,image\image_149,image_149,casual_resort_shirt,3.0,3.0,1.0,all_season,4.0,4.0,young_adult,masculine,3.0,4.0
Stylish Contrast Waffle Shirt Set Cream / XXL,http://t3.gstatic.com/shopping?q=tbn:ANd9GcQJoXs-Gs2luzQwQp4DPQaKGUBvy1bYeLjQqKgNyVdrVbJ6iOi8MlGIjs0y,58.57,0,image_150,unknown,unknown,Shirt & Shorts Set,unknown,Cream,XXL,Casual,All-Season,Mid-range,Standard,,Solid,,Cream,,False,image\image_150,image_150,casual_shirt,4.0,4.0,1.0,autumn_winter,4.0,3.0,young_adult,masculine,2.0,4.0
Short Sleeve Collarless Golf Polo Shirts (US Only) Green / L,http://t1.gstatic.com/shopping?q=tbn:ANd9GcQsl44cGyw5COzJPv8qAEozsLUb9Es7Dn8YMuD8FqWslEc-DfHkJZZ4OwdwWg,28.35,0,image_151,unknown,unknown,Polo,Short Sleeve,Green,L,Casual,Summer,Budget,Standard,,Solid,Collar,Green,,False,image\image_151,image_151,casual_resort_shirt,3.0,4.0,1.0,spring_summer,3.0,4.0,young_adult,masculine,3.0,4.0
Men's Linen Henley Long Sleeve Shirt Blue / L,http://t1.gstatic.com/shopping?q=tbn:ANd9GcQ_OBGnrcFK_rUl_pimBMzrz2xa_XbjZF8AwIexqt3if_34i8_AgZFRpvpOnQ,27.32,0,image_152,Men,Linen,Shirt,Long Sleeve,Blue,L,Casual,Summer,Budget,Standard,,Solid,Henley,Blue,,False,image\image_152,image_152,smart_casual_shirt,4.0,4.0,1.0,autumn_winter,4.0,3.0,young_adult,masculine,2.0,4.0
Casual Loose Fit Shirt Sets (US Only) Blue / XXL,http://t2.gstatic.com/shopping?q=tbn:ANd9GcTdpCzayGeaguaNJ_DKA_8cIr29fV8tKoc6-88H7hQkYfU7ITaI4AbP8WvhPw,50.57,0,image_153,unknown,unknown,Shirt & Shorts Set,unknown,Blue,XXL,Casual,All-Season,Mid-range,Loose,,Solid,,Blue,,False,image\image_153,image_153,casual_resort_shirt,2.0,3.0,2.0,all_season,3.0,4.0,young_adult,masculine,4.0,3.0
Men's Washed Distressed Cotton Daily Short-sleeved T-shirt Blue / XL,http://t2.gstatic.com/shopping?q=tbn:ANd9GcR4oc7jP1eAeEgdY4msTmOMxmhkUnGHX0blYpmgQkJRFZxmwezWdF_qvnMFusg,27.07,0,image_154,Men,Cotton,T-Shirt,unknown,Blue,XL,Casual,All-Season,Budget,Standard,"Washed, Distressed",Solid,,Blue,,False,image\image_154,image_154,smart_casual_shirt,4.0,4.0,1.0,spring_summer,4.0,3.0,young_adult,masculine,2.0,4.0
Casual Wrinkle Free Stretch Shirt (US Only) Navy Blue / L,http://t0.gstatic.com/shopping?q=tbn:ANd9GcSIMXN_7_uXhLttV-nVoy35tStDIEthm6bx-OUaDImNs04DOj0zYaG4BgkSOQ,32.61,0,image_155,unknown,unknown,Shirt,unknown,Navy Blue,L,Casual,All-Season,Mid-range,Standard,Stretch,Solid,,Navy Blue,,False,image\image_155,image_155,casual_resort_shirt,3.0,3.0,1.0,all_season,4.0,4.0,young_adult,masculine,3.0,4.0
Casual Graphic Cotton Linen Shirt PAT3 / L,http://t2.gstatic.com/shopping?q=tbn:ANd9GcQYmtSfl3xQFvWoZ6wt5RboEFNH3e4ImSf3mQOtheNWE3acz4EZQAi4Nij8,41.8,1,image_156,unknown,Cotton,Shirt,unknown,unknown,L,Casual,All-Season,Mid-range,Standard,,Solid,,unknown,,False,image\image_156,image_156,casual_resort_shirt,2.0,3.0,2.0,all_season,3.0,4.0,young_adult,masculine,4.0,3.0
Casual Linen Blend Shirt (US Only) Light Khaki / L,http://t1.gstatic.com/shopping?q=tbn:ANd9GcQbaiqc-4-5M0OB4YWeaOfLbAlD-bwUJU1wIQkTB4OqJAlCsr4_K39-dBCUIg,37.22,1,image_157,unknown,Linen,Shirt,unknown,Light Khaki,L,Casual,Summer,Mid-range,Standard,,Solid,,Light Khaki,,False,image\image_157,image_157,smart_casual_shirt,4.0,4.0,1.0,autumn_winter,4.0,3.0,young_adult,masculine,2.0,4.0
Men's Cotton printed shirt Blue / L,http://t2.gstatic.com/shopping?q=tbn:ANd9GcSTdrMlF4h0wYHKqi9mymv7C2CXaH2lP2F3wbReDrDdNO32Fgt1B9kJjPYecc01M7GX7SjrIVhW,71.49,0,image_158,Men,Cotton,Shirt,unknown,Blue,L,Casual,All-Season,Premium,Standard,,Solid,,Blue,,False,image\image_158,image_158,smart_casual_shirt,3.0,3.0,2.0,all_season,4.0,3.0,young_adult,masculine,2.0,4.0
Men's Vintage Premium Washed Shirt Blue / M,http://t3.gstatic.com/shopping?q=tbn:ANd9GcSvMSb-12qnF7JWZhEkd6Bnjf6zrfnHPqkmA3hHczrT_Z7VQC2UjJ-eC48sVZM,58.05,0,image_159,Men,unknown,Shirt,unknown,Blue,M,Vintage,All-Season,Mid-range,Standard,Washed,Solid,,Blue,,False,image\image_159,image_159,casual_resort_shirt,3.0,3.0,2.0,all_season,4.0,4.0,young_adult,masculine,4.0,4.0
Cotton Linen Style Stripe Shirts Blue / 5XL,http://t2.gstatic.com/shopping?q=tbn:ANd9GcQHqdo9IE_xmKK0D2lR2VDB-qksGROSkLaofQ6RgMhsmiWhWB-74bmozpzTMg,28.99,1,image_160,unknown,Cotton,Shirt,unknown,Blue,5XL,Casual,All-Season,Budget,Standard,,Striped,,Blue,,False,image\image_160,image_160,smart_casual_shirt,3.0,4.0,2.0,spring_summer,4.0,3.0,young_adult,masculine,2.0,4.0
Casual Linen Short Sleeve Shirt Sets (US Only) Light Blue / M,http://t2.gstatic.com/shopping?q=tbn:ANd9GcTGOVtKuRr5kMvq8enBnzZZDf0Yva6tzM1Dbq7pCA7AOMPtXOjVuzLjzQlIVQ,42.75,0,image_161,unknown,Linen,Shirt & Shorts Set,Short Sleeve,Light Blue,M,Casual,Summer,Mid-range,Standard,,Solid,,Light Blue,,False,image\image_161,image_161,smart_casual_shirt,3.0,4.0,2.0,all_season,4.0,3.0,young_adult,masculine,2.0,4.0
Vintage Embroidered Western Cowboy Shirt (US Only) Black & Red / L,http://t2.gstatic.com/shopping?q=tbn:ANd9GcRzqPcp4J3zSKP_oOf_y0FquJLgXmDwxSFFtzUuJTPhuEv4q0L0AKUsbrqESRAq3dCmVWmAuPE,40.58,0,image_162,unknown,unknown,Shirt,unknown,Black & Red,L,Vintage,All-Season,Mid-range,Standard,,Embroidered,,Black,Red,True,image\image_162,image_162,smart_casual_shirt,4.0,3.0,1.0,autumn_winter,4.0,3.0,young_adult,masculine,2.0,4.0
Cotton Linen Style Henley Shirt (US Only) Denim Blue / L,http://t2.gstatic.com/shopping?q=tbn:ANd9GcSagXVI57ataCGVsZEVyFbnH6izbkw4CF4ilrorrL93SIjYJq1FIbXK3w6BTQ,35.31,0,image_163,unknown,Cotton,Shirt,unknown,Blue,L,Casual,All-Season,Mid-range,Standard,,Solid,Henley,Blue,,False,image\image_163,image_163,casual_resort_shirt,3.0,3.0,1.0,all_season,4.0,4.0,young_adult,masculine,3.0,4.0
Men's Fashion Casual Pleated Fabric Short-sleeved Lapel Polo Shirt Pink / 4XL,http://t2.gstatic.com/shopping?q=tbn:ANd9GcT2ZgVi931FtUkXwbFazRfoJ95Jnel4oqnTqBAGXI37QPyOO8tvp3bKkplK,31.15,0,image_164,Men,unknown,Polo,unknown,Pink,4XL,Casual,All-Season,Mid-range,Standard,,Solid,,Pink,,False,image\image_164,image_164,casual_resort_shirt,3.0,4.0,1.0,spring_summer,4.0,4.0,young_adult,masculine,2.0,4.0
Breathable Button Down Knit Shurt Army Green / L,http://t3.gstatic.com/shopping?q=tbn:ANd9GcSX0Zf6oEmBnflMORLVjh9BXit0fBpQFBrn_tNwHlIjHqkIeCAIguDbmx3Vew,36.65,0,image_165,unknown,unknown,Shirt,unknown,Army Green,L,Casual,All-Season,Mid-range,Standard,Breathable/Thin,Solid,,Army Green,,False,image\image_165,image_165,casual_resort_shirt,3.0,3.0,1.0,all_season,4.0,4.0,young_adult,masculine,3.0,4.0
Cotton Linen Solid Color Double Pockets Shirt Army Green / L,http://t1.gstatic.com/shopping?q=tbn:ANd9GcQw9VjqpDAtjXE8ONRFpsRf4NlP82R7IJ9y7kqSKL8S9yknyujYYUZqiBfdaQ,30.84,0,image_166,unknown,Cotton,Shirt,unknown,Army Green,L,Casual,All-Season,Mid-range,Standard,,Solid,Pocket,Army Green,,False,image\image_166,image_166,casual_resort_shirt,3.0,3.0,1.0,all_season,4.0,4.0,young_adult,masculine,3.0,4.0
Short Sleeve Collarless Golf Pooo Shirts (US Only) Grey / L,http://t0.gstatic.com/shopping?q=tbn:ANd9GcTT07RIQjmCiUbjoGhKY_gQSMmHdiud3PcDPR8mokKHu-BAjLRGCY7l9E4Evg,28.26,0,image_167,unknown,unknown,Shirt,Short Sleeve,Grey,L,Casual,Summer,Budget,Standard,,Solid,Collar,Grey,,False,image\image_167,image_167,casual_shirt,4.0,3.0,1.0,autumn_winter,4.0,3.0,young_adult,masculine,2.0,4.0
Men's Vintage Premium Washed Shirt Army Green / L,http://t1.gstatic.com/shopping?q=tbn:ANd9GcQVa9a1hRez2x8trrXVnqUZJCFIZ5ZtW9WKtc2eej5iq9uut7xm8f8ztGz3hF0,66.11,1,image_168,Men,unknown,Shirt,unknown,Army Green,L,Vintage,All-Season,Premium,Standard,Washed,Solid,,Army Green,,False,image\image_168,image_168,casual_resort_shirt,3.0,3.0,2.0,all_season,4.0,4.0,young_adult,masculine,4.0,4.0
Western Cowboy Style Cotton Shirt (US Only) White / L,http://t0.gstatic.com/shopping?q=tbn:ANd9GcR1Cc_fgtBd4MxWfgR12gFvMimsD1pY9ajIk6dI4oMa3fbownfdfKH3R7XT5yel9ALQ211i9vY,40.64,1,image_169,unknown,Cotton,Shirt,unknown,White,L,Casual,All-Season,Mid-range,Standard,,Solid,,White,,False,image\image_169,image_169,casual_shirt,4.0,5.0,1.0,autumn_winter,3.0,3.0,young_adult,masculine,2.0,3.0
Essential Muscle Fit Dress Shirt Burgundy / L,http://t3.gstatic.com/shopping?q=tbn:ANd9GcSVn6lHKrYmIk_eAlguMgkg32mdpD_BbR4BubJLKk12VikiM4uz1_Lldm-JQE0,66.06,0,image_170,unknown,unknown,Shirt,unknown,Burgundy,L,Casual,All-Season,Premium,Muscle,,Solid,,Burgundy,,False,image\image_170,image_170,casual_shirt,3.0,2.0,1.0,all_season,3.0,3.0,young_adult,masculine,2.0,3.0
Casual Linen Short Sleeve Shirt Sets (US Only) Wine Red / L,http://t2.gstatic.com/shopping?q=tbn:ANd9GcSXInkz5redCerWEFAhTGP-iPwcjrGMBmfGBpNRPtFoFipUrO2aTrGflnzs,44.8,0,image_171,unknown,Linen,Shirt & Shorts Set,Short Sleeve,Wine Red,L,Casual,Summer,Mid-range,Standard,,Solid,,Wine Red,,False,image\image_171,image_171,casual_resort_shirt,3.0,3.0,2.0,all_season,4.0,4.0,young_adult,masculine,4.0,4.0
Essential Muscle Fit Dress Shirt Grey / L,http://t2.gstatic.com/shopping?q=tbn:ANd9GcQQS5N8KMtzC0JRIe0BRxI0Yru77LGfFgz6GEcWBU9NPOjbq4I2UTgEVX-vhxw,64.93,0,image_172,unknown,unknown,Shirt,unknown,Grey,L,Casual,All-Season,Premium,Muscle,,Solid,,Grey,,False,image\image_172,image_172,smart_casual_shirt,4.0,3.0,1.0,autumn_winter,4.0,3.0,young_adult,masculine,2.0,4.0
Wrinkle Free Button Down Dress Shirt (US Only) Royal Blue / L,http://t2.gstatic.com/shopping?q=tbn:ANd9GcR2xDoldzIzCAUHqMUDRjXZ1fq-jezO8xGyZlZg8BUTFdbGxatT6mYQ2JOljg,34.82,0,image_173,unknown,unknown,Shirt,unknown,Royal Blue,L,Casual,All-Season,Mid-range,Standard,,Solid,,Royal Blue,,False,image\image_173,image_173,casual_resort_shirt,3.0,3.0,1.0,all_season,3.0,4.0,young_adult,masculine,3.0,4.0
Men's Linen Resort Casual Button-Down Everyday Short Sleeve Shirt Khaki / 5XL,http://t3.gstatic.com/shopping?q=tbn:ANd9GcSizeDw52NkGVAMaMUGT6U818Nb3uPqBAT97ZHVtriYqdpCLH7psFCIqx6DmA,33.41,0,image_174,Men,Linen,Shirt,Short Sleeve,Khaki,5XL,Casual,Summer,Mid-range,Standard,,Solid,Button-Down,Khaki,,False,image\image_174,image_174,smart_casual_shirt,4.0,4.0,1.0,autumn_winter,4.0,3.0,young_adult,masculine,2.0,4.0
Men's Vintage Velvet Shirt Wine Red / 3XL,http://t1.gstatic.com/shopping?q=tbn:ANd9GcQUz8dGX0-0eM3-HUjHWQTc9-DYqSlvqZ5L_xPRY3ZOdOBtBGfKjYnx0Sm8DBc,36.22,1,image_175,Men,unknown,Shirt,unknown,Wine Red,3XL,Vintage,All-Season,Mid-range,Standard,,Solid,,Wine Red,,False,image\image_175,image_175,casual_resort_shirt,2.0,3.0,2.0,all_season,3.0,4.0,young_adult,masculine,4.0,3.0
Cotton Linen Style Henley Shirt (Live Only) Khaki / L,http://t2.gstatic.com/shopping?q=tbn:ANd9GcQrEzrKapk1ptIEJT6G9ze7e2bgjLW1owSpE8budNa9HAzF-f7kgv3VBBg5,33.75,0,image_176,unknown,Cotton,Shirt,unknown,Khaki,L,Casual,All-Season,Mid-range,Standard,,Solid,Henley,Khaki,,False,image\image_176,image_176,smart_casual_shirt,4.0,4.0,1.0,autumn_winter,4.0,3.0,young_adult,masculine,2.0,4.0
Embroidered Cowboy Button Down Shirt (US Only) Black & White / L,http://t2.gstatic.com/shopping?q=tbn:ANd9GcTu9aRRrbx9Yk-7PVK8KZqgWhwfb3OKKnrz1Ry3xKMK2BdXCfLoBI7v6iUHAA,43.15,0,image_177,unknown,unknown,Shirt,unknown,Black & White,L,Casual,All-Season,Mid-range,Standard,,Embroidered,,Black,White,True,image\image_177,image_177,smart_casual_shirt,3.0,3.0,2.0,all_season,4.0,3.0,young_adult,masculine,2.0,4.0
Men's Casual Texture Lapel Comfortable Short-sleeved Polo Shirt Navy / L,http://t0.gstatic.com/shopping?q=tbn:ANd9GcSayo0R8RXxuSySP9HdXeinnyOFsEYdbVDsJOSNaw4y2DSL33U8ekdKCk3h,29.65,0,image_178,Men,unknown,Polo,unknown,unknown,L,Casual,All-Season,Budget,Standard,,Solid,,unknown,,False,image\image_178,image_178,casual_resort_shirt,3.0,3.0,2.0,all_season,4.0,4.0,young_adult,masculine,4.0,4.0
Vintage Embroidered Western Cowboy Shirt (US Only) Navy Blue / 4XL,http://t3.gstatic.com/shopping?q=tbn:ANd9GcTtYS2tDTj6vK5V_o0DYIPkyRcL8SkbzL6XirUaIu3UlmMwWRc1ngXOqkeCblZeehBjgDlPpxw,42.0,0,image_179,unknown,unknown,Shirt,unknown,Navy Blue,4XL,Vintage,All-Season,Mid-range,Standard,,Embroidered,,Navy Blue,,False,image\image_179,image_179,casual_resort_shirt,3.0,3.0,1.0,all_season,4.0,4.0,young_adult,masculine,3.0,4.0
Stylish Soft 2-Piece Shirt Set White / XL,http://t3.gstatic.com/shopping?q=tbn:ANd9GcRSh9RHDQspWooj6YItMgUvcME_M-S3H0EkhO42JDodBP3zPVgQwdq1XkYk6g,50.31,1,image_180,unknown,unknown,Shirt & Shorts Set,unknown,White,XL,Casual,All-Season,Mid-range,Standard,Soft/Luxurious,Solid,,White,,False,image\image_180,image_180,casual_shirt,4.0,4.0,1.0,autumn_winter,4.0,3.0,young_adult,masculine,2.0,4.0
Vintage Embroidered Western Cowboy Shirt (US Only) Light Blue / L,http://t0.gstatic.com/shopping?q=tbn:ANd9GcSoDF9eq52Sa3Ml1KPGvgTo-0zSN9zrTrQZ_nNrR6nEFvc0n44q2cXs_o4SYL4ca6n9MCLbJEk,40.64,0,image_181,unknown,unknown,Shirt,unknown,Light Blue,L,Vintage,All-Season,Mid-range,Standard,,Embroidered,,Light Blue,,False,image\image_181,image_181,smart_casual_shirt,4.0,4.0,1.0,spring_summer,4.0,3.0,young_adult,masculine,2.0,4.0
Men's Vintage Premium Washed Shirt Sky Blue / M,http://t2.gstatic.com/shopping?q=tbn:ANd9GcSX3BhoWib7_mFJaMRE2c4yWhZYrudBbQkw1w7HL3gS0tjUr1EpOqqgxnuXIvU,61.38,0,image_182,Men,unknown,Shirt,unknown,Sky Blue,M,Vintage,All-Season,Premium,Standard,Washed,Solid,,Sky Blue,,False,image\image_182,image_182,casual_resort_shirt,3.0,4.0,2.0,spring_summer,4.0,4.0,young_adult,masculine,4.0,4.0
Classic Casual Button Down Cotton Linen Shirt (Us Only) Khaki / L,http://t3.gstatic.com/shopping?q=tbn:ANd9GcQr79Hn2jnBGQ7UZH2lxAuOTeVl_DATP8T3KFGFQ7d7tV7ye8_qJM0zXr2f,34.56,0,image_183,unknown,Cotton,Shirt,unknown,Khaki,L,Vintage,All-Season,Mid-range,Standard,,Solid,,Khaki,,False,image\image_183,image_183,smart_casual_shirt,4.0,4.0,1.0,autumn_winter,4.0,3.0,young_adult,masculine,2.0,4.0
Casual Loose Fit Pure Cotton Sports T-shirt/ Sports Shorts Shorts-Light Grey / L,http://t1.gstatic.com/shopping?q=tbn:ANd9GcSes7fZWSqRnaNesNaXI625C_I1mEwDs1vYxAUM5jmf1Z-nOMc7uDzjOgwAdg,34.8,0,image_184,unknown,Cotton,T-Shirt & Shorts Set,unknown,Light Grey,L,Casual,Summer,Mid-range,Loose,,Solid,,Light Grey,,False,image\image_184,image_184,smart_casual_shirt,4.0,3.0,1.0,autumn_winter,4.0,3.0,young_adult,masculine,2.0,4.0
Minimal Comfort Polo Shirt Shorts Set White / L,http://t0.gstatic.com/shopping?q=tbn:ANd9GcSAqbC_hYXNHQ6g6zAqDKQjCWGYJ-zmzQAhmI0OgxwRv1lVzxolMEcBJ3Fs4Q,63.4,0,image_185,unknown,unknown,Polo & Shorts Set,unknown,White,L,Minimalist,Summer,Premium,Standard,,Solid,,White,,False,image\image_185,image_185,smart_casual_shirt,3.0,3.0,2.0,all_season,4.0,3.0,young_adult,masculine,2.0,4.0
Men's Vintage Premium Washed Shirt White / 5XL,http://t2.gstatic.com/shopping?q=tbn:ANd9GcRzBSgaAaUI82bsGetc6NHzyWBEQ2t20abWLqmwfo6e6AMLp7UksAZmJnZ0iQ,60.06,0,image_186,Men,unknown,Shirt,unknown,White,5XL,Vintage,All-Season,Premium,Standard,Washed,Solid,,White,,False,image\image_186,image_186,smart_casual_shirt,4.0,4.0,1.0,autumn_winter,4.0,3.0,young_adult,masculine,2.0,4.0
Men's Luxurious Touch Stretch Cotton T-Shirt White / 4XL,http://t0.gstatic.com/shopping?q=tbn:ANd9GcSG39j4zeaFfcPhJBdUso4wbuF7anuKeUIdORCcLk3xz14wsudS6OYZXr-yRoE,26.06,0,image_187,Men,Cotton,T-Shirt,unknown,White,4XL,Casual,All-Season,Budget,Standard,"Stretch, Soft/Luxurious",Solid,,White,,False,image\image_187,image_187,casual_shirt,4.0,4.0,1.0,autumn_winter,4.0,3.0,young_adult,masculine,2.0,4.0
Men's Striped Sweatshirt Warm Loose Lapel Peplum Long Sleeve Polo Shirt Green / L,http://t1.gstatic.com/shopping?q=tbn:ANd9GcQ-Xmo1u3jk6JF-kKNAj35cEGX1HNkH8vJyYoXnwzQ-vYDkdCvzVcg5Bm1AXgcgsHA2YDqKMbk,31.82,1,image_188,Men,unknown,Polo,Long Sleeve,Green,L,Casual,All-Season,Mid-range,Standard,,Striped,,Green,,False,image\image_188,image_188,casual_resort_shirt,3.0,4.0,2.0,spring_summer,4.0,4.0,young_adult,masculine,3.0,4.0
Casual 100% Cotton Stand Collar Shirt White / L,http://t2.gstatic.com/shopping?q=tbn:ANd9GcRzBpPuCVVyfRTlzd3FTrfc5ROoIbqiDOYK84TPGqcr1hLzODBax2zzoIzzig,28.39,0,image_189,unknown,Cotton,Shirt,unknown,White,L,Casual,All-Season,Budget,Standard,,Solid,Collar,White,,False,image\image_189,image_189,smart_casual_shirt,4.0,4.0,1.0,autumn_winter,4.0,3.0,young_adult,masculine,2.0,4.0
Minimal Comfort Polo Shirt Shorts Set Khaki / XXXL,http://t1.gstatic.com/shopping?q=tbn:ANd9GcQG1HJIqZ4oqVYlSYl9-0DPnVg-Mp-F_iizIeueJRRdyNrFzYI-5qXuku8t,61.28,0,image_190,unknown,unknown,Polo & Shorts Set,unknown,Khaki,XXXL,Minimalist,Summer,Premium,Standard,,Solid,,Khaki,,False,image\image_190,image_190,smart_casual_shirt,3.0,3.0,2.0,all_season,4.0,3.0,young_adult,masculine,2.0,4.0
Men's Summer Linen Shirt Purple / 5XL,http://t2.gstatic.com/shopping?q=tbn:ANd9GcTzp57r12Q94vmugn3vIeyop0qFtnN8QZ92iGa5Bjyp2IvqtHMTtkJz5MUw1g,35.71,0,image_191,Men,Linen,Shirt,unknown,Purple,5XL,Casual,Summer,Mid-range,Standard,,Solid,,Purple,,False,image\image_191,image_191,smart_casual_shirt,4.0,4.0,1.0,autumn_winter,4.0,3.0,young_adult,masculine,2.0,4.0
Muscle Fit Shirts (US Only) Brown / L,http://t2.gstatic.com/shopping?q=tbn:ANd9GcTxQAqKwcflV51NL4NT_s8lVdHzsQU5301y3Q2a1lGQjYVAo5B2OtHQaAbEDQ,34.26,0,image_192,unknown,unknown,Shirt,unknown,Brown,L,Casual,All-Season,Mid-range,Muscle,,Solid,,Brown,,False,image\image_192,image_192,casual_resort_shirt,3.0,3.0,1.0,all_season,3.0,4.0,young_adult,masculine,3.0,4.0
Wrinkle Free Button Down Dress Shirt (US Only) Dark Green / L,http://t3.gstatic.com/shopping?q=tbn:ANd9GcTiZ3YW1dA-SyMhlgeiNh73Tp1TfGmV2-TnUPW9Rmuuz9HrZ0PLeoFt3K2thQ,35.54,0,image_193,unknown,unknown,Shirt,unknown,Dark Green,L,Casual,All-Season,Mid-range,Standard,,Solid,,Dark Green,,False,image\image_193,image_193,casual_resort_shirt,3.0,3.0,1.0,all_season,4.0,4.0,young_adult,masculine,3.0,4.0
Men's Linen Long Sleeve Shirts Purple / M,http://t3.gstatic.com/shopping?q=tbn:ANd9GcQa__ks5yx9QlN5ykqFv2iGaqJaJnHcSYpYEkGkBRMNWai3bkfhocdFkWaC2Ro,34.7,0,image_194,Men,Linen,Shirt,Long Sleeve,Purple,M,Casual,Summer,Mid-range,Standard,,Solid,,Purple,,False,image\image_194,image_194,casual_resort_shirt,3.0,3.0,1.0,all_season,4.0,4.0,young_adult,masculine,3.0,4.0
Men's Linen Long Sleeve Shirts Gray / L,http://t3.gstatic.com/shopping?q=tbn:ANd9GcTsS6OtTdXJ64nvskMeL8Bl63WEheXsC3Xiy78MQZvWvJE3xFcT4wwo2ITc-A,34.61,0,image_195,Men,Linen,Shirt,Long Sleeve,Gray,L,Casual,Summer,Mid-range,Standard,,Solid,,Gray,,False,image\image_195,image_195,smart_casual_shirt,4.0,3.0,1.0,autumn_winter,4.0,3.0,young_adult,masculine,2.0,4.0
Men's Premium Washed Cotton Pocket Shirt Army Green / 5XL,http://t0.gstatic.com/shopping?q=tbn:ANd9GcRQpJGJ5CHvmCwU_XgIx0COMwaVUJKnAicekPwkM3D3L2jhAyZhYL20eBiiTig,60.43,0,image_196,Men,Cotton,Shirt,unknown,Army Green,5XL,Casual,All-Season,Premium,Standard,Washed,Solid,Pocket,Army Green,,False,image\image_196,image_196,smart_casual_shirt,3.0,3.0,1.0,all_season,4.0,3.0,young_adult,masculine,2.0,4.0
Casual Loose Fit Shirt Sets (US Only) Grey / XL,http://t2.gstatic.com/shopping?q=tbn:ANd9GcScisCco-pqI7zN-3eBINcJkqawMYDBJNhJyRf-PaY--bSNE5k5hGkAlE6eDg,51.3,0,image_197,unknown,unknown,Shirt & Shorts Set,unknown,Grey,XL,Casual,All-Season,Mid-range,Loose,,Solid,,Grey,,False,image\image_197,image_197,casual_resort_shirt,3.0,3.0,2.0,all_season,4.0,4.0,young_adult,masculine,4.0,4.0
Men's Ice Silk V-Neck T-Shirt Wine Red+White+Tibetan Blue / L,http://t2.gstatic.com/shopping?q=tbn:ANd9GcTIa6mb7Fli4ntWHIPLtr9BcHLnAuy2-pTtAj7BuOnI4iniiQKyGzrwyUiqGFU,19.2,1,image_198,Men,Silk,T-Shirt,V-Neck,Wine Red & White & Blue,L,Casual,All-Season,Budget,Standard,Breathable/Thin,Solid,V-Neck,Wine Red,White,True,image\image_198,image_198,casual_resort_shirt,3.0,3.0,1.0,all_season,3.0,4.0,young_adult,masculine,3.0,4.0
Men's Vintage Premium Washed Shirt Army Green / 5XL,http://t1.gstatic.com/shopping?q=tbn:ANd9GcQVa9a1hRez2x8trrXVnqUZJCFIZ5ZtW9WKtc2eej5iq9uut7xm8f8ztGz3hF0,58.2,1,image_199,Men,unknown,Shirt,unknown,Army Green,5XL,Vintage,All-Season,Mid-range,Standard,Washed,Solid,,Army Green,,False,image\image_199,image_199,casual_resort_shirt,3.0,3.0,2.0,all_season,4.0,4.0,young_adult,masculine,4.0,4.0
Men's Vintage Premium Washed Shirt Blue / L,http://t3.gstatic.com/shopping?q=tbn:ANd9GcSvMSb-12qnF7JWZhEkd6Bnjf6zrfnHPqkmA3hHczrT_Z7VQC2UjJ-eC48sVZM,61.66,0,image_200,Men,unknown,Shirt,unknown,Blue,L,Vintage,All-Season,Premium,Standard,Washed,Solid,,Blue,,False,image\image_200,image_200,casual_resort_shirt,3.0,3.0,2.0,all_season,4.0,4.0,young_adult,masculine,4.0,4.0
Muscle Fit Shirts (US Only) Royal Blue / L,http://t3.gstatic.com/shopping?q=tbn:ANd9GcRRWQION33Y5gRtq9z9aSeriQT1LsPJx0pUUxtTGYmn5CdLOnS1xZ2Wdtaqag,35.79,0,image_201,unknown,unknown,Shirt,unknown,Royal Blue,L,Casual,All-Season,Mid-range,Muscle,,Solid,,Royal Blue,,False,image\image_201,image_201,casual_resort_shirt,2.0,3.0,1.0,all_season,3.0,4.0,young_adult,masculine,3.0,3.0
Embroidered Cowboy Button Down Shirt (US Only) Classic Wine Red / L,http://t1.gstatic.com/shopping?q=tbn:ANd9GcQznZC9cWNkdqExhIy8AdaL2vVuQNlM-X8To6EGcY_112M1TRiBuXr0zPNi,42.26,0,image_202,unknown,unknown,Shirt,unknown,Wine Red,L,Vintage,All-Season,Mid-range,Standard,,Embroidered,,Wine Red,,False,image\image_202,image_202,casual_resort_shirt,2.0,3.0,2.0,all_season,3.0,4.0,young_adult,masculine,4.0,3.0
Men's Solid Color Linen Short Sleeve Lapel Shirt Pink / M,http://t1.gstatic.com/shopping?q=tbn:ANd9GcQbYJzx_sSU2g3CYLDpiyu0onpdYWClLhsRWBIbUWDwhqBwGF1GBOCF_w9Vfnk_rQBG0_QNfHM,55.37,0,image_203,Men,Linen,Shirt,Short Sleeve,Pink,M,Casual,Summer,Mid-range,Standard,,Solid,,Pink,,False,image\image_203,image_203,smart_casual_shirt,4.0,4.0,1.0,autumn_winter,4.0,3.0,young_adult,masculine,2.0,4.0
Embroidered Cowboy Button Down Shirt (US Only) Coffee / XXL,http://t0.gstatic.com/shopping?q=tbn:ANd9GcQt_-B7z8AD65Wq9nQ0vWlWeX8Hzc74zv2vswdCKyYLnIl_gP-PnyOHkFy9,43.22,0,image_204,unknown,unknown,Shirt,unknown,Coffee,XXL,Casual,All-Season,Mid-range,Standard,,Embroidered,,Coffee,,False,image\image_204,image_204,casual_resort_shirt,3.0,3.0,1.0,all_season,3.0,4.0,young_adult,masculine,3.0,4.0
Men's Vintage Premium Washed Shirt Pink / M,http://t3.gstatic.com/shopping?q=tbn:ANd9GcTn5zNl8PuiiDQzAIIbxFsLhEDuDFtYgLp0V0mYCJw4Tovi962GHCoFF0TIamU,57.58,1,image_205,Men,unknown,Shirt,unknown,Pink,M,Vintage,All-Season,Mid-range,Standard,Washed,Solid,,Pink,,False,image\image_205,image_205,casual_resort_shirt,3.0,4.0,2.0,spring_summer,3.0,4.0,young_adult,masculine,4.0,4.0
Men's Vintage Linen Long Sleeve Shirt Pink / M,http://t2.gstatic.com/shopping?q=tbn:ANd9GcRy8ajdBL7TmJpsKn2CVpUbU2-NpAWNdlUhuAE165XFv5Lx3Zn45OTCdfBqEA,37.81,0,image_206,Men,Linen,Shirt,Long Sleeve,Pink,M,Vintage,Summer,Mid-range,Standard,,Solid,,Pink,,False,image\image_206,image_206,casual_resort_shirt,3.0,3.0,1.0,all_season,4.0,4.0,young_adult,masculine,3.0,4.0
Men's Cotton Knit Striped Polo Shirt Purple / L,http://t0.gstatic.com/shopping?q=tbn:ANd9GcR1ymjbtzo3MHjvRN5ulRVmya8uOF2VTLWDfeA9g2Cg2JjhhHLkRpQmVyN83g,32.94,0,image_207,Men,Cotton,Polo,unknown,Purple,L,Casual,All-Season,Mid-range,Standard,,Striped,,Purple,,False,image\image_207,image_207,smart_casual_shirt,4.0,4.0,1.0,autumn_winter,4.0,3.0,young_adult,masculine,2.0,4.0
Men's Cotton Linen Casual Long Sleeve Shirt Purple / L,http://t1.gstatic.com/shopping?q=tbn:ANd9GcSzOTiaxpOpF0BkeaW7h0UcWeVJMU480yP4qAphhH4mqAcUsO7BhcahqWvf3oQ,33.06,1,image_208,Men,Cotton,Shirt,Long Sleeve,Purple,L,Casual,All-Season,Mid-range,Standard,,Solid,,Purple,,False,image\image_208,image_208,smart_casual_shirt,4.0,4.0,1.0,autumn_winter,4.0,3.0,young_adult,masculine,2.0,4.0
Cotton Linen Style Henley Shirt (US Only) White / L,http://t0.gstatic.com/shopping?q=tbn:ANd9GcTBaZEl_Cdig-tZvWQzLXsic9yBWEGO816T7aHscXvh5xHEU3lg0w9r-8Tyjg,33.71,0,image_209,unknown,Cotton,Shirt,unknown,White,L,Casual,All-Season,Mid-range,Standard,,Solid,Henley,White,,False,image\image_209,image_209,casual_shirt,4.0,4.0,1.0,autumn_winter,4.0,3.0,young_adult,masculine,2.0,4.0
100% Cotton Henley Shirt and Shorts Set Coffee / XL,http://t1.gstatic.com/shopping?q=tbn:ANd9GcSJpJ1G0CABUwGjDGh6qiJu-_7-bVTlFBHRof7NTorTxsVSn2iGbFRAA7Tk8w,52.6,0,image_210,unknown,Cotton,Shirt & Shorts Set,unknown,Coffee,XL,Casual,Summer,Mid-range,Standard,,Solid,Henley,Coffee,,False,image\image_210,image_210,casual_resort_shirt,3.0,3.0,2.0,all_season,4.0,4.0,young_adult,masculine,3.0,4.0
Men's Luxurious Touch Stretch Cotton T-Shirt White / M,http://t0.gstatic.com/shopping?q=tbn:ANd9GcSG39j4zeaFfcPhJBdUso4wbuF7anuKeUIdORCcLk3xz14wsudS6OYZXr-yRoE,24.53,1,image_211,Men,Cotton,T-Shirt,unknown,White,M,Casual,All-Season,Budget,Standard,"Stretch, Soft/Luxurious",Solid,,White,,False,image\image_211,image_211,casual_shirt,4.0,4.0,1.0,autumn_winter,4.0,3.0,young_adult,masculine,2.0,4.0
Casual Loose Fit Shirt Sets (US Only) Black / L,http://t0.gstatic.com/shopping?q=tbn:ANd9GcQkoYxwXXLNfBoT79S4_xXNmuQ9E773wemzrs2v47gGGTQTSIhJLR_DKYj_-w,50.83,0,image_212,unknown,unknown,Shirt & Shorts Set,unknown,Black,L,Casual,All-Season,Mid-range,Loose,,Solid,,Black,,False,image\image_212,image_212,casual_resort_shirt,3.0,3.0,2.0,all_season,4.0,4.0,young_adult,masculine,4.0,4.0
Men's Washed Distressed Cotton Daily Short-sleeved T-shirt Amy / 4XL,http://t1.gstatic.com/shopping?q=tbn:ANd9GcRMtTgqPeQ3SMxAEy7aObT33p5WRUVV9CJGywQpFCK0vU_Z9qbLOkK6rx1PMIc,28.43,0,image_213,Men,Cotton,T-Shirt,unknown,unknown,4XL,Casual,All-Season,Budget,Standard,"Washed, Distressed",Solid,,unknown,,False,image\image_213,image_213,smart_casual_shirt,4.0,4.0,1.0,autumn_winter,4.0,3.0,young_adult,masculine,2.0,4.0
Chictango atchwork CA1 Overshirt Army Green / L,http://t0.gstatic.com/shopping?q=tbn:ANd9GcTxEIu9CcPtzbdIGV5ZXlr3qLJ8XQuwkX1Fgi8EGj-VdveQIp4FchMwwv3yCLNpw4g7anNzGtk_,48.06,0,image_214,unknown,unknown,unknown,unknown,Army Green,L,Casual,All-Season,Mid-range,Standard,,Solid,,Army Green,,False,image\image_214,image_214,smart_casual_shirt,4.0,3.0,1.0,autumn_winter,4.0,3.0,young_adult,masculine,2.0,4.0
Men's Vintage Linen Long Sleeve Shirt Pink / L,http://t2.gstatic.com/shopping?q=tbn:ANd9GcRy8ajdBL7TmJpsKn2CVpUbU2-NpAWNdlUhuAE165XFv5Lx3Zn45OTCdfBqEA,38.64,0,image_215,Men,Linen,Shirt,Long Sleeve,Pink,L,Vintage,Summer,Mid-range,Standard,,Solid,,Pink,,False,image\image_215,image_215,casual_resort_shirt,3.0,3.0,1.0,all_season,4.0,4.0,young_adult,masculine,3.0,4.0
Men's Vintage Premium Washed Shirt White / XL,http://t2.gstatic.com/shopping?q=tbn:ANd9GcRzBSgaAaUI82bsGetc6NHzyWBEQ2t20abWLqmwfo6e6AMLp7UksAZmJnZ0iQ,60.08,0,image_216,Men,unknown,Shirt,unknown,White,XL,Vintage,All-Season,Premium,Standard,Washed,Solid,,White,,False,image\image_216,image_216,smart_casual_shirt,4.0,4.0,1.0,autumn_winter,4.0,3.0,young_adult,masculine,2.0,4.0
Men's Cotton Knit Striped Polo Shirt Khaki / 4XL,http://t0.gstatic.com/shopping?q=tbn:ANd9GcTWcq4ndWdcmd5HbuGsFFoamRTwoZfexkBs2vnHEY322nN3Tt0q6ryGi6pgUVA,36.06,1,image_217,Men,Cotton,Polo,unknown,Khaki,4XL,Casual,All-Season,Mid-range,Standard,,Striped,,Khaki,,False,image\image_217,image_217,smart_casual_shirt,4.0,4.0,1.0,autumn_winter,4.0,3.0,young_adult,masculine,2.0,4.0
Long Sleeve Button Down Shirt Army Green / L,http://t0.gstatic.com/shopping?q=tbn:ANd9GcRb6T2Aw_5iM_mO-Ccq_47rlVzP4_u1OBX_BSh6m68d-326PlCpYrlgCR6m,30.44,1,image_218,unknown,unknown,Shirt,Long Sleeve,Army Green,L,Casual,All-Season,Mid-range,Standard,,Solid,,Army Green,,False,image\image_218,image_218,casual_resort_shirt,3.0,3.0,1.0,all_season,4.0,4.0,young_adult,masculine,3.0,4.0
Men's Summer Solid Color Comfortable V-neck Short-sleeved T-shirt Blue / L,http://t3.gstatic.com/shopping?q=tbn:ANd9GcQ1q8TnS-AL-TwK4AYKYMAUkCQEMvGN37HF2trdcXrLploUP0eHmbS3ZufEcA,18.86,0,image_219,Men,unknown,T-Shirt,V-Neck,Blue,L,Casual,All-Season,Budget,Standard,,Solid,V-Neck,Blue,,False,image\image_219,image_219,casual_resort_shirt,3.0,3.0,1.0,all_season,3.0,4.0,young_adult,masculine,3.0,4.0
Men's Plaid Collar Summer Shirt Purple / 5XL,http://t2.gstatic.com/shopping?q=tbn:ANd9GcQtlANvBpA0wke0dxgkMhPldwHEk7NQsex2SB6VTPgNgPHuiGzfikRqG91jnc4,36.99,0,image_220,Men,unknown,Shirt,unknown,Purple,5XL,Casual,All-Season,Mid-range,Standard,,Solid,Collar,Purple,,False,image\image_220,image_220,smart_casual_shirt,4.0,4.0,1.0,autumn_winter,4.0,3.0,young_adult,masculine,2.0,4.0
Casual Loose Fit Shirt Sets (US Only) White / XXL,http://t1.gstatic.com/shopping?q=tbn:ANd9GcQ5gUcbB0_M09qdlPOZb4NpQFMHNwXcbe683T7-JDIG7Cbz-ZKqaIadBucI,56.16,1,image_221,unknown,unknown,Shirt & Shorts Set,unknown,White,XXL,Casual,All-Season,Mid-range,Loose,,Solid,,White,,False,image\image_221,image_221,casual_resort_shirt,3.0,3.0,2.0,all_season,4.0,4.0,young_adult,masculine,4.0,4.0
Men's Solid Color Linen Short Sleeve Lapel Shirt White / L,http://t2.gstatic.com/shopping?q=tbn:ANd9GcS6fACm3v6zCGfV1fuWAybW44sxadULJLOc0VNUqxut95QvywVCxkJrppMp8sziznfG0XR8rkPe,54.26,1,image_222,Men,Linen,Shirt,Short Sleeve,White,L,Casual,Summer,Mid-range,Standard,,Solid,,White,,False,image\image_222,image_222,casual_shirt,4.0,5.0,1.0,autumn_winter,3.0,3.0,young_adult,masculine,2.0,3.0
Embroidered Cowboy Button Down Shirt (US Only) Classic Black / XL,http://t0.gstatic.com/shopping?q=tbn:ANd9GcQT9h-y5-a92sUrcouif3mpoZAyldQGGH5kd7fCcC3ygkmysigyDCId826R4w,43.61,0,image_223,unknown,unknown,Shirt,unknown,Black,XL,Vintage,All-Season,Mid-range,Standard,,Embroidered,,Black,,False,image\image_223,image_223,casual_shirt,4.0,3.0,2.0,autumn_winter,4.0,3.0,young_adult,masculine,2.0,4.0
Men's Ice Silk V-Neck T-Shirt Light Blue+Black+White / L,http://t2.gstatic.com/shopping?q=tbn:ANd9GcSF-xW2nErB5Lgjc5GwiVTkjrMyov1BfN6i0EZB735NfK8ZHLSOvV7OeyLChQ,20.67,0,image_224,Men,Silk,T-Shirt,V-Neck,Light Blue & Black & White,L,Casual,All-Season,Budget,Standard,Breathable/Thin,Solid,V-Neck,Light Blue,Black,True,image\image_224,image_224,smart_casual_shirt,4.0,4.0,1.0,autumn_winter,4.0,3.0,young_adult,masculine,2.0,4.0
Men's Casual Texture Lapel Comfortable Short-sleeved Polo Shirt Khaki / 5XL,http://t2.gstatic.com/shopping?q=tbn:ANd9GcSCDFcG0th3u4McSzqDmsr_kf256TzCD0PUoPqBw6XoPlG-rxYpLjlbfaeNTA,31.08,1,image_225,Men,unknown,Polo,unknown,Khaki,5XL,Casual,All-Season,Mid-range,Standard,,Solid,,Khaki,,False,image\image_225,image_225,smart_casual_shirt,3.0,4.0,2.0,spring_summer,4.0,3.0,young_adult,masculine,2.0,4.0
Athleisure Stretch Polo Shirt Sets Green / L,http://t2.gstatic.com/shopping?q=tbn:ANd9GcSiqmD5nTA1Bjda-IJIoeryl139DbY0brnXYJwS2lgdid6R6Sx4MH1lVQCdng,44.37,0,image_226,unknown,unknown,Polo & Shorts Set,unknown,Green,L,Casual,All-Season,Mid-range,Standard,Stretch,Solid,,Green,,False,image\image_226,image_226,casual_resort_shirt,3.0,3.0,1.0,all_season,4.0,4.0,young_adult,masculine,3.0,4.0
Minimal Comfort Polo Shirt Shorts Set Khaki / L,http://t1.gstatic.com/shopping?q=tbn:ANd9GcQG1HJIqZ4oqVYlSYl9-0DPnVg-Mp-F_iizIeueJRRdyNrFzYI-5qXuku8t,60.5,0,image_227,unknown,unknown,Polo & Shorts Set,unknown,Khaki,L,Minimalist,Summer,Premium,Standard,,Solid,,Khaki,,False,image\image_227,image_227,smart_casual_shirt,3.0,3.0,2.0,all_season,4.0,3.0,young_adult,masculine,2.0,4.0
Classic Casual Button Down Cotton Linen Shirt (Us Only) Purple / L,http://t1.gstatic.com/shopping?q=tbn:ANd9GcQkUxh2slts_TwMpOAB3GvK5hh2znU5JRmg6qFzUe1Y7y_w3cvh6YVTOeG2VQ,35.79,0,image_228,unknown,Cotton,Shirt,unknown,Purple,L,Vintage,All-Season,Mid-range,Standard,,Solid,,Purple,,False,image\image_228,image_228,smart_casual_shirt,4.0,4.0,1.0,autumn_winter,4.0,3.0,young_adult,masculine,2.0,4.0
100% Cotton Henley Shirt and Shorts Set Blue / L,http://t3.gstatic.com/shopping?q=tbn:ANd9GcQintPzAPUHExdlaz0VnKfzf9gyt6TRiEO-UnitEaYk3hPhE8R7YMhl3-Rh8A,54.53,0,image_229,unknown,Cotton,Shirt & Shorts Set,unknown,Blue,L,Casual,Summer,Mid-range,Standard,,Solid,Henley,Blue,,False,image\image_229,image_229,smart_casual_shirt,3.0,3.0,2.0,all_season,4.0,3.0,young_adult,masculine,2.0,4.0
Men's Vintage Linen Long Sleeve Shird Yellow / L,http://t3.gstatic.com/shopping?q=tbn:ANd9GcRRmTUdyTha_3lE_t7gJtAMOcsxFflJwWNgAOeiLRcLYnM0TNqFWUIEZgfEVyY,40.13,1,image_230,Men,Linen,Shirt,Long Sleeve,Yellow,L,Vintage,Summer,Mid-range,Standard,,Solid,,Yellow,,False,image\image_230,image_230,casual_resort_shirt,3.0,3.0,1.0,all_season,3.0,4.0,young_adult,masculine,3.0,4.0
Men's Vintage Linen Long Sleeve Shirt Black / L,http://t3.gstatic.com/shopping?q=tbn:ANd9GcSubH9SgAa2e7Tn7ByzabQIGgg0Rp0WS5hGZaMCXAc9kfDH8usayZicDrN64w,40.51,0,image_231,Men,Linen,Shirt,Long Sleeve,Black,L,Vintage,Summer,Mid-range,Standard,,Solid,,Black,,False,image\image_231,image_231,smart_casual_shirt,4.0,3.0,1.0,autumn_winter,4.0,3.0,young_adult,masculine,2.0,4.0
Casual Loose Fit Shirt Sets (US Only) Beige / L,http://t3.gstatic.com/shopping?q=tbn:ANd9GcRupgNRO-jYt2R3wf3riu7NSNgJPKm6sjwMBN6rxrRTc8scUaOtsupbw9-_,50.04,0,image_232,unknown,unknown,Shirt & Shorts Set,unknown,Beige,L,Casual,All-Season,Mid-range,Loose,,Solid,,Beige,,False,image\image_232,image_232,casual_resort_shirt,3.0,3.0,2.0,all_season,4.0,4.0,young_adult,masculine,4.0,4.0
Men's Cotton Linen Casual Long Sleeve Shirt Light Blue / M,http://t3.gstatic.com/shopping?q=tbn:ANd9GcSwpG_ZCN7woBcln7X_zpLG4c9K-V0FdAIfMqHXD4Yf5isfV4_lS2zL_YSrGw,34.7,0,image_233,Men,Cotton,Shirt,Long Sleeve,Light Blue,M,Casual,All-Season,Mid-range,Standard,,Solid,,Light Blue,,False,image\image_233,image_233,smart_casual_shirt,4.0,4.0,1.0,autumn_winter,4.0,3.0,young_adult,masculine,2.0,4.0
Men's Linen Long Sleeve Shirts Purple / 5XL,http://t3.gstatic.com/shopping?q=tbn:ANd9GcQa__ks5yx9QlN5ykqFv2iGaqJaJnHcSYpYEkGkBRMNWai3bkfhocdFkWaC2Ro,34.64,1,image_234,Men,Linen,Shirt,Long Sleeve,Purple,5XL,Casual,Summer,Mid-range,Standard,,Solid,,Purple,,False,image\image_234,image_234,casual_resort_shirt,3.0,3.0,1.0,all_season,4.0,4.0,young_adult,masculine,3.0,4.0
Summer Essential Button Down Knit Shirt (US Only) Brown / M,http://t3.gstatic.com/shopping?q=tbn:ANd9GcTQl_s4S-1g3W2zQUp0NSqVo4wCNVo__9p27-wFSAV-wABBoc2i_jJBMkOrIw,33.1,0,image_235,unknown,unknown,Shirt,unknown,Brown,M,Casual,All-Season,Mid-range,Standard,,Solid,,Brown,,False,image\image_235,image_235,casual_resort_shirt,2.0,3.0,1.0,all_season,3.0,4.0,young_adult,masculine,3.0,3.0
Casual Cotton and Linen Shirt Set White / M,http://t2.gstatic.com/shopping?q=tbn:ANd9GcQcldHSF4ZuTZJ4lE7o01wdsrznfyjGKhY4hPC53eqst_lFsHg9sX7rEWI6eQ,46.56,0,image_236,unknown,Cotton,Shirt & Shorts Set,unknown,White,M,Casual,All-Season,Mid-range,Standard,,Solid,,White,,False,image\image_236,image_236,smart_casual_shirt,4.0,4.0,1.0,autumn_winter,4.0,3.0,young_adult,masculine,2.0,4.0
Men's Summer Solid Color Comfortable V-neck Short-sleeved T-shirt Army / L,http://t1.gstatic.com/shopping?q=tbn:ANd9GcQw2wbOsr1sacnnYBbC7Pp_rX874Lo9TOsceestgttHyC5mr28bZREkz70q,20.48,0,image_237,Men,unknown,T-Shirt,V-Neck,unknown,L,Casual,All-Season,Budget,Standard,,Solid,V-Neck,unknown,,False,image\image_237,image_237,casual_resort_shirt,3.0,3.0,2.0,all_season,4.0,4.0,young_adult,masculine,4.0,4.0
Men's Vintage Linen Long Sleeve Shirt Navy Blue / M,http://t0.gstatic.com/shopping?q=tbn:ANd9GcSmAlVmLvX00waHlFFFcZqGZN_ZWn69yFUF9QpgM7wxmyBWO-eycVWOmmKkFA,39.87,0,image_238,Men,Linen,Shirt,Long Sleeve,Navy Blue,M,Vintage,Summer,Mid-range,Standard,,Solid,,Navy Blue,,False,image\image_238,image_238,casual_resort_shirt,3.0,3.0,1.0,all_season,4.0,4.0,young_adult,masculine,3.0,4.0
Casual Loose Fit Shirt Sets (US Only) Khaki / M,http://t3.gstatic.com/shopping?q=tbn:ANd9GcRtB1pu07-9FmiIDQPw_Q5iyw-fvlMYkK8kaz7P1Cu9qW7RcyBSVKXm2H_k,51.41,0,image_239,unknown,unknown,Shirt & Shorts Set,unknown,Khaki,M,Casual,All-Season,Mid-range,Loose,,Solid,,Khaki,,False,image\image_239,image_239,casual_resort_shirt,3.0,3.0,2.0,all_season,4.0,4.0,young_adult,masculine,4.0,4.0
Vintage Knit Button Up Shirt (US Only) Green / L,http://t2.gstatic.com/shopping?q=tbn:ANd9GcT_y3AT56Kh57PXnPaKkiHO2lh2UDCTKFmZtmXuGzjh5J9in8kjk5Fsk6PoIqUdUVj2Oq8TqQ,30.82,1,image_240,unknown,unknown,Shirt,unknown,Green,L,Vintage,All-Season,Mid-range,Standard,,Solid,,Green,,False,image\image_240,image_240,smart_casual_shirt,4.0,4.0,1.0,autumn_winter,4.0,3.0,young_adult,masculine,2.0,4.0
Casual Cotton Linen Shirt Set White / L,http://t0.gstatic.com/shopping?q=tbn:ANd9GcS7deVuHG3HtUI1whZM2ecWvDB-5WriOnac08BmZanUcYzbAWS6rvigkW6tlA,54.7,0,image_241,unknown,Cotton,Shirt & Shorts Set,unknown,White,L,Casual,All-Season,Mid-range,Standard,,Solid,,White,,False,image\image_241,image_241,casual_resort_shirt,3.0,3.0,2.0,all_season,4.0,4.0,young_adult,masculine,3.0,4.0
Men's Vintage Velvet Shirt Black / L,http://t2.gstatic.com/shopping?q=tbn:ANd9GcR5ESCEU8orsB9cSFvyi0VmkLyY0c62UfoUCPwTgWVEicrGhAY01koEvi5aW4o,35.23,0,image_242,Men,unknown,Shirt,unknown,Black,L,Vintage,All-Season,Mid-range,Standard,,Solid,,Black,,False,image\image_242,image_242,casual_shirt,4.0,3.0,2.0,autumn_winter,4.0,3.0,young_adult,masculine,2.0,4.0
Luxury Dress Shirt (US Only) Beige / L,http://t2.gstatic.com/shopping?q=tbn:ANd9GcRifl5ENv9RzW1rcQxbvs6c5rutPHQiEijOslDif1nHg0KQdNU01-v4PRECu6sHAD68vjHqjIF6,36.12,1,image_243,unknown,unknown,Shirt,unknown,Beige,L,Casual,All-Season,Mid-range,Standard,,Solid,,Beige,,False,image\image_243,image_243,casual_shirt,4.0,5.0,1.0,autumn_winter,3.0,3.0,young_adult,masculine,2.0,3.0
Vintage-Inspired Geometric Knit Shirt Light Khaki / L,http://t1.gstatic.com/shopping?q=tbn:ANd9GcSwY47vJP-tA1iaTyGzDZlHvyZTFJZRu-qvYQsow_7AgX7qZNnQI2fGCDJT,43.26,1,image_244,unknown,unknown,Shirt,unknown,Light Khaki,L,Vintage,All-Season,Mid-range,Standard,,Geometric,,Light Khaki,,False,image\image_244,image_244,smart_casual_shirt,3.0,3.0,2.0,all_season,4.0,3.0,young_adult,masculine,2.0,4.0
Casual Lcose Fit Shirt Sets (US Only) Clear Blue / L,http://t1.gstatic.com/shopping?q=tbn:ANd9GcT1F8wV0gnkozhdqol-fYfahASOa4evkG7zdN29YJ_rMrGvq75PfL1jZNm0Xg,53.45,0,image_245,unknown,unknown,Shirt & Shorts Set,unknown,Clear Blue,L,Casual,All-Season,Mid-range,Standard,,Solid,,Clear Blue,,False,image\image_245,image_245,casual_resort_shirt,3.0,3.0,2.0,all_season,4.0,4.0,young_adult,masculine,4.0,4.0
Men's Cotton Knit Striped Polo Shirt Purple / M,http://t0.gstatic.com/shopping?q=tbn:ANd9GcR1ymjbtzo3MHjvRN5ulRVmya8uOF2VTLWDfeA9g2Cg2JjhhHLkRpQmVyN83g,32.3,1,image_246,Men,Cotton,Polo,unknown,Purple,M,Casual,All-Season,Mid-range,Standard,,Striped,,Purple,,False,image\image_246,image_246,smart_casual_shirt,4.0,4.0,1.0,autumn_winter,4.0,3.0,young_adult,masculine,2.0,4.0
Minimal Comfort Polo Shirt Shorts Set White / M,http://t0.gstatic.com/shopping?q=tbn:ANd9GcSAqbC_hYXNHQ6g6zAqDKQjCWGYJ-zmzQAhmI0OgxwRv1lVzxolMEcBJ3Fs4Q,58.39,0,image_247,unknown,unknown,Polo & Shorts Set,unknown,White,M,Minimalist,Summer,Mid-range,Standard,,Solid,,White,,False,image\image_247,image_247,smart_casual_shirt,3.0,3.0,2.0,all_season,4.0,3.0,young_adult,masculine,2.0,4.0
Casual Loose Fit Shirt Sets (US Only) Blue / L,http://t2.gstatic.com/shopping?q=tbn:ANd9GcTdpCzayGeaguaNJ_DKA_8cIr29fV8tKoc6-88H7hQkYfU7ITaI4AbP8WvhPw,53.76,1,image_248,unknown,unknown,Shirt & Shorts Set,unknown,Blue,L,Casual,All-Season,Mid-range,Loose,,Solid,,Blue,,False,image\image_248,image_248,casual_resort_shirt,2.0,3.0,2.0,all_season,3.0,4.0,young_adult,masculine,4.0,3.0
Men's Luxurious Touch Stretch Cotton T-Shirt Black / M,http://t2.gstatic.com/shopping?q=tbn:ANd9GcQJW6xdRk0wM7YB5N9u9aRZ9czGXADUeXYeU5R0lEvg8gmMyzpq4qAEwIIWdg,25.88,0,image_249,Men,Cotton,T-Shirt,unknown,Black,M,Casual,All-Season,Budget,Standard,"Stretch, Soft/Luxurious",Solid,,Black,,False,image\image_249,image_249,casual_shirt,4.0,3.0,1.0,autumn_winter,4.0,3.0,young_adult,masculine,2.0,4.0
Men's Cotton Linen Short Sleeve Shirt Dark Blue / L,http://t1.gstatic.com/shopping?q=tbn:ANd9GcSs73GurJjADr5JfZuMV4yIcJvzzpVrZESHTjICA6yhC8PO3RSoQu8cqNXvIpQ,29.36,0,image_250,Men,Cotton,Shirt,Short Sleeve,Blue,L,Casual,Summer,Budget,Standard,,Solid,,Blue,,False,image\image_250,image_250,casual_resort_shirt,3.0,3.0,1.0,all_season,4.0,4.0,young_adult,masculine,3.0,4.0
Men's Cotton Long Sleeve Shirt Black / L,http://t1.gstatic.com/shopping?q=tbn:ANd9GcQmjdLaPPIEPJMoK-u4_1GXrxpQFAUMGIXgjFcplYZ1gMd02VhsDPGZbOLnQLY,29.67,1,image_251,Men,Cotton,Shirt,Long Sleeve,Black,L,Casual,All-Season,Budget,Standard,,Solid,,Black,,False,image\image_251,image_251,casual_shirt,4.0,3.0,1.0,autumn_winter,4.0,3.0,young_adult,masculine,2.0,4.0
Men's Washed Distressed Cotton Daily Short-sleeved T-shirt Beige / 4XL,http://t1.gstatic.com/shopping?q=tbn:ANd9GcSu7y3O1O8gugobTg_rcH9CUU0tW37YNsCKPVxWd3emS8wjLw-Ja-Tva5R8sTc,26.98,0,image_252,Men,Cotton,T-Shirt,unknown,Beige,4XL,Casual,All-Season,Budget,Standard,"Washed, Distressed",Solid,,Beige,,False,image\image_252,image_252,smart_casual_shirt,4.0,4.0,1.0,autumn_winter,4.0,3.0,young_adult,masculine,2.0,4.0
Men's Summer Linen Shirt Purple / L,http://t2.gstatic.com/shopping?q=tbn:ANd9GcTzp57r12Q94vmugn3vIeyop0qFtnN8QZ92iGa5Bjyp2IvqtHMTtkJz5MUw1g,37.8,0,image_253,Men,Linen,Shirt,unknown,Purple,L,Casual,Summer,Mid-range,Standard,,Solid,,Purple,,False,image\image_253,image_253,smart_casual_shirt,4.0,4.0,1.0,autumn_winter,4.0,3.0,young_adult,masculine,2.0,4.0
Gentleman's Casual Basic Cotton Linen Shirt Purple / L,http://t2.gstatic.com/shopping?q=tbn:ANd9GcRyDUl7WbpOpiZjmVWRmC1KFj4Euq0BE5tV4kuuaiY1czXK3NhZYfMY6bVC,35.95,0,image_254,unknown,Cotton,Shirt,unknown,Purple,L,Casual,All-Season,Mid-range,Standard,,Solid,,Purple,,False,image\image_254,image_254,casual_resort_shirt,3.0,4.0,1.0,spring_summer,4.0,4.0,young_adult,masculine,3.0,4.0
Men's Luxurious Touch Stretch Cotton T-Shirt White / 5XL,http://t0.gstatic.com/shopping?q=tbn:ANd9GcSG39j4zeaFfcPhJBdUso4wbuF7anuKeUIdORCcLk3xz14wsudS6OYZXr-yRoE,24.66,0,image_255,Men,Cotton,T-Shirt,unknown,White,5XL,Casual,All-Season,Budget,Standard,"Stretch, Soft/Luxurious",Solid,,White,,False,image\image_255,image_255,casual_shirt,4.0,4.0,1.0,autumn_winter,4.0,3.0,young_adult,masculine,2.0,4.0
Men's Washed Distressed Cotton Daily Short-sleeved T-shirt Purple / L,http://t0.gstatic.com/shopping?q=tbn:ANd9GcQyPJGMxWohBxD8A2-oCtZH4yVyzvPDT3PjDLUFMAUpC_XVESa2lGsduHxGyg,29.18,1,image_256,Men,Cotton,T-Shirt,unknown,Purple,L,Casual,All-Season,Budget,Standard,"Washed, Distressed",Solid,,Purple,,False,image\image_256,image_256,smart_casual_shirt,4.0,4.0,1.0,autumn_winter,4.0,3.0,young_adult,masculine,2.0,4.0
Men's Casual Corduroy Pocket Short Sleeve Shirt Black / L,http://t3.gstatic.com/shopping?q=tbn:ANd9GcSfpLpqoSf8NK4qYaTsHXCV6Tfp8BsRsE_XaCJVZxUrKlpJdhH2ngbeiC70HQ,61.67,0,image_257,Men,Corduroy,Shirt,Short Sleeve,Black,L,Casual,Summer,Premium,Standard,,Solid,Pocket,Black,,False,image\image_257,image_257,casual_shirt,4.0,3.0,1.0,autumn_winter,4.0,3.0,young_adult,masculine,2.0,4.0
Men's Abstract Gradient Geometric T-Shirt Top Purple / L,http://t3.gstatic.com/shopping?q=tbn:ANd9GcQss3E_TUfov24DLxW5VMdH4nQHGxSuwpm9UZf2jjbDV0KTnJG4YsujMEPeIw,29.88,1,image_258,Men,unknown,T-Shirt,unknown,Purple,L,Casual,All-Season,Budget,Standard,,Geometric,,Purple,,False,image\image_258,image_258,casual_resort_shirt,3.0,3.0,1.0,all_season,4.0,4.0,young_adult,masculine,3.0,4.0
Casual Linen Blend Guayabera Shirt (US Only) White / M,http://t3.gstatic.com/shopping?q=tbn:ANd9GcQhV20RxogGHKpWME1I8AgeehPH-nPkbu_HF4eePqn_R7aKVPYMgsawfbrJ,30.65,1,image_259,unknown,Linen,Shirt,unknown,White,M,Casual,Summer,Mid-range,Standard,,Solid,,White,,False,image\image_259,image_259,casual_shirt,4.0,4.0,1.0,autumn_winter,4.0,3.0,young_adult,masculine,2.0,4.0
Men's Linen Henley Long Sleeve Shirt Light Grey / M,http://t1.gstatic.com/shopping?q=tbn:ANd9GcQ8luCtjnuvut4OTTA9Eqx1AhezAfUL6p8tpRaAyek5bE8GBx9HVu4N1_d5mKQ,28.54,0,image_260,Men,Linen,Shirt,Long Sleeve,Light Grey,M,Casual,Summer,Budget,Standard,,Solid,Henley,Light Grey,,False,image\image_260,image_260,casual_shirt,4.0,4.0,1.0,autumn_winter,4.0,3.0,young_adult,masculine,2.0,4.0
Men's Fashion Casual Pleated Fabric Short-sleeved Lapel Polo Shirt Blue / L,http://t3.gstatic.com/shopping?q=tbn:ANd9GcRzP5-WEGkJkxmedSldkfR-ziGFHBl3DRDSmcm2MX3mSmMkxBWZiKjc0jovkA,32.73,1,image_261,Men,unknown,Polo,unknown,Blue,L,Casual,All-Season,Mid-range,Standard,,Solid,,Blue,,False,image\image_261,image_261,casual_resort_shirt,3.0,4.0,1.0,spring_summer,3.0,4.0,young_adult,masculine,3.0,4.0
Men's Fashion Turndown Collar Buttons Striped Shirt Grey / L,http://t2.gstatic.com/shopping?q=tbn:ANd9GcQ_s9gL5CV7DVjwe8ZNhDt-z4Ob33eHAXWPqGlHE-PKbYJaOxAAzu1nlDP9BB4,30.22,1,image_262,Men,unknown,Shirt,unknown,Grey,L,Casual,All-Season,Mid-range,Standard,,Striped,Collar,Grey,,False,image\image_262,image_262,smart_casual_shirt,4.0,3.0,2.0,autumn_winter,4.0,3.0,young_adult,masculine,2.0,4.0
Leisure Textured Shirt Set Dark Green / L,http://t1.gstatic.com/shopping?q=tbn:ANd9GcQc857e_RnHRm8N7odR4sXlOy4o7hcQZKbU2nGAU3as--H9AlRDRbtARMHz,43.98,0,image_263,unknown,unknown,Shirt & Shorts Set,unknown,Dark Green,L,Casual,All-Season,Mid-range,Standard,Textured,Solid,,Dark Green,,False,image\image_263,image_263,casual_resort_shirt,2.0,3.0,2.0,all_season,3.0,4.0,young_adult,masculine,4.0,3.0
Men's Linen Resort Casual Button-Down Everyday Short Sleeve Shirt Purple / 5XL,http://t1.gstatic.com/shopping?q=tbn:ANd9GcQspiLDQEmb6xDYezdqTZJOwPGluw0hO7WJkGMVoI5pFxSis2UIkDgKc8Tm,35.08,0,image_264,Men,Linen,Shirt,Short Sleeve,Purple,5XL,Casual,Summer,Mid-range,Standard,,Solid,Button-Down,Purple,,False,image\image_264,image_264,smart_casual_shirt,3.0,4.0,1.0,spring_summer,4.0,3.0,young_adult,masculine,2.0,4.0
Casual Loose Fit Shirt Sets (US Only) White / M,http://t1.gstatic.com/shopping?q=tbn:ANd9GcQ5gUcbB0_M09qdlPOZb4NpQFMHNwXcbe683T7-JDIG7Cbz-ZKqaIadBucI,52.48,0,image_265,unknown,unknown,Shirt & Shorts Set,unknown,White,M,Casual,All-Season,Mid-range,Loose,,Solid,,White,,False,image\image_265,image_265,casual_resort_shirt,3.0,3.0,2.0,all_season,4.0,4.0,young_adult,masculine,4.0,4.0
Summer Cuban Guayabera Shirt (US Only) Light Green / L,http://t0.gstatic.com/shopping?q=tbn:ANd9GcS9mYAfzpVyE2Ot1rSQMEHSsEpsSYtXLpWomc9POshyurxRcSU2czAi3Gd_Eg,37.4,0,image_266,unknown,unknown,Shirt,unknown,Light Green,L,Casual,All-Season,Mid-range,Standard,,Solid,,Light Green,,False,image\image_266,image_266,smart_casual_shirt,4.0,4.0,1.0,spring_summer,4.0,3.0,young_adult,masculine,2.0,4.0
Vintage Knit Button Up Shart (US Only) Navy Blue / L,http://t0.gstatic.com/shopping?q=tbn:ANd9GcSZkoiF-Un8ov38VFwJINbfudlPFwKNPlv8AnFuC_1fn0mxLjDrCeCJfheL8F8BaHHOCgni1w,30.74,0,image_267,unknown,unknown,Shirt,unknown,Navy Blue,L,Vintage,All-Season,Mid-range,Standard,,Solid,,Navy Blue,,False,image\image_267,image_267,smart_casual_shirt,4.0,4.0,1.0,autumn_winter,4.0,3.0,young_adult,masculine,2.0,4.0
Men's Summer Linen Shirt Orange / L,http://t3.gstatic.com/shopping?q=tbn:ANd9GcShltvsgeIxY5SZyESNexCGcmaqEhLcy7LyolbsV68xpZMPD6b_iQF4kEvSow,36.68,0,image_268,Men,Linen,Shirt,unknown,Orange,L,Casual,Summer,Mid-range,Standard,,Solid,,Orange,,False,image\image_268,image_268,casual_resort_shirt,3.0,3.0,1.0,all_season,4.0,4.0,young_adult,masculine,3.0,4.0
Casual Loose Fit Shirt Sets (US Only) Khaki / L,http://t3.gstatic.com/shopping?q=tbn:ANd9GcRtB1pu07-9FmiIDQPw_Q5iyw-fvlMYkK8kaz7P1Cu9qW7RcyBSVKXm2H_k,50.78,0,image_269,unknown,unknown,Shirt & Shorts Set,unknown,Khaki,L,Casual,All-Season,Mid-range,Loose,,Solid,,Khaki,,False,image\image_269,image_269,casual_resort_shirt,3.0,3.0,2.0,all_season,4.0,4.0,young_adult,masculine,4.0,4.0
Men's Vintage Premium Washeh Shirt Khaki / M,http://t0.gstatic.com/shopping?q=tbn:ANd9GcQDGZp4yVinVDXKxympV5jGzuU4L_M-_E9C6JyqBlsQ_Rwah0r9QvabD7lFYg,64.37,0,image_270,Men,unknown,Shirt,unknown,Khaki,M,Vintage,All-Season,Premium,Standard,,Solid,,Khaki,,False,image\image_270,image_270,casual_resort_shirt,3.0,4.0,2.0,spring_summer,3.0,4.0,young_adult,masculine,4.0,4.0
Men's Luxurious Touch Stretch Cotton T-Shirt Black / L,http://t2.gstatic.com/shopping?q=tbn:ANd9GcQJW6xdRk0wM7YB5N9u9aRZ9czGXADUeXYeU5R0lEvg8gmMyzpq4qAEwIIWdg,24.68,0,image_271,Men,Cotton,T-Shirt,unknown,Black,L,Casual,All-Season,Budget,Standard,"Stretch, Soft/Luxurious",Solid,,Black,,False,image\image_271,image_271,casual_shirt,4.0,3.0,1.0,autumn_winter,4.0,3.0,young_adult,masculine,2.0,4.0
Leisure Textured Shirt Set Red / S,http://t2.gstatic.com/shopping?q=tbn:ANd9GcQ7Bb_SHETti130smKmouZgSxK18jWQmDEXHdKmlxArskVh6tfdb7_Zq9TNQQ,44.15,1,image_272,unknown,unknown,Shirt & Shorts Set,unknown,Red,S,Casual,All-Season,Mid-range,Standard,Textured,Solid,,Red,,False,image\image_272,image_272,casual_shirt,2.0,2.0,2.0,all_season,3.0,3.0,young_adult,masculine,3.0,3.0
Stylish Slant Placket Tied Shirt Apricot / L,http://t2.gstatic.com/shopping?q=tbn:ANd9GcRDWrnw7WL7Kh6bQmPvTi88SkaravSZwL0w8Piwc9GOsxycK7-f3HIeEOFC,36.29,0,image_273,unknown,unknown,Shirt,unknown,Apricot,L,Casual,All-Season,Mid-range,Standard,,Solid,,Apricot,,False,image\image_273,image_273,casual_resort_shirt,3.0,3.0,2.0,all_season,4.0,4.0,young_adult,masculine,3.0,4.0
Men's Cotton printed shirt Army Green / L,http://t0.gstatic.com/shopping?q=tbn:ANd9GcSnYCovSL6f88xmCPmDt7hm2LaiRSxeBf7kgbI8oWs4i9qWs_1quTFqYWN6rvsoeoXCVeIoPm59,71.38,1,image_274,Men,Cotton,Shirt,unknown,Army Green,L,Casual,All-Season,Premium,Standard,,Solid,,Army Green,,False,image\image_274,image_274,casual_shirt,4.0,4.0,2.0,autumn_winter,4.0,3.0,young_adult,masculine,2.0,4.0
Muscle Fit Shirts (US Only) Dark Purple / L,http://t2.gstatic.com/shopping?q=tbn:ANd9GcQpBS6F7xCG5TKpEDgwdMEBJNE9bIMstt9NojKGZAi87mMbCu6X0qVWdZ4-,32.58,0,image_275,unknown,unknown,Shirt,unknown,Purple,L,Casual,All-Season,Mid-range,Muscle,,Solid,,Purple,,False,image\image_275,image_275,casual_resort_shirt,2.0,3.0,1.0,all_season,3.0,4.0,young_adult,masculine,3.0,3.0
Men's Linen Resort CasualhButton-Down Everyday Short Sleeve Shirt Navy / M,http://t3.gstatic.com/shopping?q=tbn:ANd9GcQN-I-u6ur1ifOWwbwU2k1ozhL_EIr49BbzOSNTtGkhRn2x4g7NvE1OY7MZ,33.63,1,image_276,Men,Linen,Shirt,Short Sleeve,unknown,M,Casual,Summer,Mid-range,Standard,,Solid,Button-Down,unknown,,False,image\image_276,image_276,casual_resort_shirt,3.0,3.0,1.0,all_season,4.0,4.0,young_adult,masculine,3.0,4.0
Men's Linen Resort Casual Button-Down Everyday Short Sleeve Shirt Green / 5XL,http://t3.gstatic.com/shopping?q=tbn:ANd9GcSCFhVEGv1pRBBqNIdK7XNzwZAzsIC0Kf__114UgKmRJD0j87mqzg0M0E3zAw,33.7,0,image_277,Men,Linen,Shirt,Short Sleeve,Green,5XL,Casual,Summer,Mid-range,Standard,,Solid,Button-Down,Green,,False,image\image_277,image_277,smart_casual_shirt,4.0,4.0,1.0,autumn_winter,4.0,3.0,young_adult,masculine,2.0,4.0
Men's Summer Solid Color Comfortable V-neck Short-sleeved T-shirt D-Gray / L,http://t1.gstatic.com/shopping?q=tbn:ANd9GcQiMr-r0J8Z48dOhApM3-ZkVbPp69eMVoDKj1mlZlvhCEomP0IOQRm7eM6m,19.88,1,image_278,Men,unknown,T-Shirt,V-Neck,Gray,L,Casual,All-Season,Budget,Standard,,Solid,V-Neck,Gray,,False,image\image_278,image_278,smart_casual_shirt,3.0,3.0,2.0,all_season,4.0,3.0,young_adult,masculine,2.0,4.0
Cotton Linen Style Stripe Shirts Blue / M,http://t2.gstatic.com/shopping?q=tbn:ANd9GcQHqdo9IE_xmKK0D2lR2VDB-qksGROSkLaofQ6RgMhsmiWhWB-74bmozpzTMg,30.41,0,image_279,unknown,Cotton,Shirt,unknown,Blue,M,Casual,All-Season,Mid-range,Standard,,Striped,,Blue,,False,image\image_279,image_279,smart_casual_shirt,3.0,4.0,2.0,spring_summer,4.0,3.0,young_adult,masculine,2.0,4.0
Muscle Fit Shirts (US Only) Navy Blue / M,http://t0.gstatic.com/shopping?q=tbn:ANd9GcQnhGq0053U8MTKdYVnRemjlBOXUpa9NIQS-oWA8cEcbE7Vu-K-3whSIiwW,34.1,0,image_280,unknown,unknown,Shirt,unknown,Navy Blue,M,Casual,All-Season,Mid-range,Muscle,,Solid,,Navy Blue,,False,image\image_280,image_280,casual_resort_shirt,3.0,3.0,1.0,all_season,4.0,4.0,young_adult,masculine,3.0,4.0
Leisure Textured Shirt Set Red / L,http://t2.gstatic.com/shopping?q=tbn:ANd9GcQ7Bb_SHETti130smKmouZgSxK18jWQmDEXHdKmlxArskVh6tfdb7_Zq9TNQQ,42.2,0,image_281,unknown,unknown,Shirt & Shorts Set,unknown,Red,L,Casual,All-Season,Mid-range,Standard,Textured,Solid,,Red,,False,image\image_281,image_281,casual_shirt,2.0,2.0,2.0,all_season,3.0,3.0,young_adult,masculine,3.0,3.0
Casual Loose Fit Pure Cotton Sports T-shirt/ Sports Shorts Shorts-White / XL,http://t3.gstatic.com/shopping?q=tbn:ANd9GcT3hDwAOuhKvcch9cOaeAi88-T6Jc3Aq2q2-75ZrUy8xYmf-sMPm8TdztLc,34.4,0,image_282,unknown,Cotton,T-Shirt & Shorts Set,unknown,White,XL,Casual,Summer,Mid-range,Loose,,Solid,,White,,False,image\image_282,image_282,casual_shirt,4.0,4.0,1.0,autumn_winter,4.0,3.0,young_adult,masculine,2.0,4.0
Men's Luxurious Touch Stretch Cotton T-Shirt White / XL,http://t0.gstatic.com/shopping?q=tbn:ANd9GcSG39j4zeaFfcPhJBdUso4wbuF7anuKeUIdORCcLk3xz14wsudS6OYZXr-yRoE,25.01,0,image_283,Men,Cotton,T-Shirt,unknown,White,XL,Casual,All-Season,Budget,Standard,"Stretch, Soft/Luxurious",Solid,,White,,False,image\image_283,image_283,casual_shirt,4.0,4.0,1.0,autumn_winter,4.0,3.0,young_adult,masculine,2.0,4.0
Vintage Shirt Coat (US Only) Purple / L,http://t2.gstatic.com/shopping?q=tbn:ANd9GcQ1UuqHBQNgN9kNIzmQHBYop-OMa2ben0OsesAe9HZlPhr58YPzghPg1JYWOA,37.33,0,image_284,unknown,unknown,Shirt,unknown,Purple,L,Vintage,All-Season,Mid-range,Standard,,Solid,,Purple,,False,image\image_284,image_284,casual_resort_shirt,2.0,3.0,1.0,all_season,3.0,4.0,young_adult,masculine,3.0,3.0
Casual Loose Fit Shirt Sets (US Only) Grey / L,http://t2.gstatic.com/shopping?q=tbn:ANd9GcScisCco-pqI7zN-3eBINcJkqawMYDBJNhJyRf-PaY--bSNE5k5hGkAlE6eDg,52.84,1,image_285,unknown,unknown,Shirt & Shorts Set,unknown,Grey,L,Casual,All-Season,Mid-range,Loose,,Solid,,Grey,,False,image\image_285,image_285,casual_resort_shirt,3.0,3.0,2.0,all_season,4.0,4.0,young_adult,masculine,4.0,4.0
Men's Summer Solid Color Comfortable V-neck Short-sleeved T-shirt Red / L,http://t3.gstatic.com/shopping?q=tbn:ANd9GcQpMIDUu4VMq23FRDUJYKLfkM9kJMe8PgXkl-igcTmw9afrYNu8EAYrzKhp,20.6,0,image_286,Men,unknown,T-Shirt,V-Neck,Red,L,Casual,All-Season,Budget,Standard,,Solid,V-Neck,Red,,False,image\image_286,image_286,casual_resort_shirt,2.0,3.0,1.0,all_season,3.0,4.0,young_adult,masculine,3.0,3.0
Men's Cotton Long Sleeve Shirt Purple / L,http://t2.gstatic.com/shopping?q=tbn:ANd9GcRQLPj1zmw8xm6LRCHgOkbOUmNJlyW7wk6IlZAzPo3rleWSQjvZT1_ZXzCfOps,30.24,1,image_287,Men,Cotton,Shirt,Long Sleeve,Purple,L,Casual,All-Season,Mid-range,Standard,,Solid,,Purple,,False,image\image_287,image_287,casual_resort_shirt,3.0,3.0,1.0,all_season,4.0,4.0,young_adult,masculine,3.0,4.0
Vintage-Inspired Geometric Knit Shirt Light Khaki / XL,http://t1.gstatic.com/shopping?q=tbn:ANd9GcSwY47vJP-tA1iaTyGzDZlHvyZTFJZRu-qvYQsow_7AgX7qZNnQI2fGCDJT,45.48,0,image_288,unknown,unknown,Shirt,unknown,Light Khaki,XL,Vintage,All-Season,Mid-range,Standard,,Geometric,,Light Khaki,,False,image\image_288,image_288,smart_casual_shirt,3.0,3.0,2.0,all_season,4.0,3.0,young_adult,masculine,2.0,4.0
Essential Muscle Fit Dress Shirt Grey / M,http://t2.gstatic.com/shopping?q=tbn:ANd9GcQQS5N8KMtzC0JRIe0BRxI0Yru77LGfFgz6GEcWBU9NPOjbq4I2UTgEVX-vhxw,68.75,0,image_289,unknown,unknown,Shirt,unknown,Grey,M,Casual,All-Season,Premium,Muscle,,Solid,,Grey,,False,image\image_289,image_289,smart_casual_shirt,4.0,3.0,1.0,autumn_winter,4.0,3.0,young_adult,masculine,2.0,4.0
Men's Combed Cotton T-Shirt Purple / L,http://t2.gstatic.com/shopping?q=tbn:ANd9GcS7_Y9bnHFaXy-8XV4FQZBJuSgs_ETQPpSn9jFbCXj1Bzl67Vy_3kUXzH7vVQ,20.07,0,image_290,Men,Cotton,T-Shirt,unknown,Purple,L,Casual,All-Season,Budget,Standard,,Solid,,Purple,,False,image\image_290,image_290,casual_resort_shirt,3.0,3.0,1.0,all_season,4.0,4.0,young_adult,masculine,3.0,4.0
Western Cowboy Embroidered Button Down Cotton Shirt (US Only) Black (Retro Rose) / L,http://t3.gstatic.com/shopping?q=tbn:ANd9GcRu9XoNFnWJKeGXQH_V8oB_nAJPf5A0vbzCC4FLXrDFfbL7wMEuX0Bwf-7E,41.43,0,image_291,unknown,Cotton,Shirt,unknown,Black,L,Vintage,All-Season,Mid-range,Standard,,Floral/Graphic,,Black,,False,image\image_291,image_291,smart_casual_shirt,3.0,3.0,2.0,all_season,4.0,3.0,young_adult,masculine,2.0,4.0
Long Sleeve Cotton Linen Henley Shirt (US Only) Dark Blue / L,http://t3.gstatic.com/shopping?q=tbn:ANd9GcQ-M0b-zb_JAypETr_yICqbfpZyTi3672bfPXnBYXddLCJF__qceW5225_o,36.15,0,image_292,unknown,Cotton,Shirt,Long Sleeve,Blue,L,Casual,All-Season,Mid-range,Standard,,Solid,Henley,Blue,,False,image\image_292,image_292,smart_casual_shirt,4.0,4.0,1.0,autumn_winter,4.0,3.0,young_adult,masculine,2.0,4.0
Men's Plaid Collar Summer Shirt Light blue / L,http://t2.gstatic.com/shopping?q=tbn:ANd9GcQbeoTEZpOHkrCLnUyM6RKewjURfomGl2S4yDz5uEjwz6ciIq3yiBoqwnSqKQ,36.65,0,image_293,Men,unknown,Shirt,unknown,Light Blue,L,Casual,All-Season,Mid-range,Standard,,Solid,Collar,Light Blue,,False,image\image_293,image_293,smart_casual_shirt,3.0,4.0,1.0,spring_summer,4.0,3.0,young_adult,masculine,2.0,4.0
Men's Summer Linen Shirt Pink / L,http://t0.gstatic.com/shopping?q=tbn:ANd9GcSyUFrJzptosNTRpGvkUaO0M2mO5SDUVWV6jK-_xmx8A7eXe2SCi-daI9VrF-M,38.01,0,image_294,Men,Linen,Shirt,unknown,Pink,L,Casual,Summer,Mid-range,Standard,,Solid,,Pink,,False,image\image_294,image_294,smart_casual_shirt,4.0,4.0,1.0,spring_summer,4.0,3.0,young_adult,masculine,2.0,4.0
Men's Washed Distressed Cotton Daily Short-sleeved T-shirt Green / 4XL,http://t1.gstatic.com/shopping?q=tbn:ANd9GcTspsHoW2GY2PCWMiOv-917zdZF-hn8PO6rEFAyfhDvcn5mmOvBk5xdHp8CCUg,28.62,1,image_295,Men,Cotton,T-Shirt,unknown,Green,4XL,Casual,All-Season,Budget,Standard,"Washed, Distressed",Solid,,Green,,False,image\image_295,image_295,smart_casual_shirt,4.0,4.0,1.0,autumn_winter,4.0,3.0,young_adult,masculine,2.0,4.0
Embroidered Cowboy Button Down Shirt (US Only) Classic Black / XXL,http://t0.gstatic.com/shopping?q=tbn:ANd9GcQT9h-y5-a92sUrcouif3mpoZAyldQGGH5kd7fCcC3ygkmysigyDCId826R4w,41.74,1,image_296,unknown,unknown,Shirt,unknown,Black,XXL,Vintage,All-Season,Mid-range,Standard,,Embroidered,,Black,,False,image\image_296,image_296,casual_shirt,4.0,3.0,2.0,autumn_winter,4.0,3.0,young_adult,masculine,2.0,4.0
Men's Linen Resort Casual Button-Down Everyday Short Sleeve Shirt Army / L,http://t1.gstatic.com/shopping?q=tbn:ANd9GcTgT5pOnumLRppKEQJWfDin-XR1lTQz1nBBoM8ILY3LG5zCIjnsZwY_1VXbJA,33.0,1,image_297,Men,Linen,Shirt,Short Sleeve,unknown,L,Casual,Summer,Mid-range,Standard,,Solid,Button-Down,unknown,,False,image\image_297,image_297,smart_casual_shirt,3.0,3.0,1.0,all_season,4.0,3.0,young_adult,masculine,2.0,4.0
Men's Fashion Turndown Collar Buttons Striped Shirt Red / L,http://t3.gstatic.com/shopping?q=tbn:ANd9GcQP8jUGD5pydsnby1A7VAk37IfLLP3Dqcy92rSP7fK8M_TIdc4zsN-ONQ7m_Q,30.17,1,image_298,Men,unknown,Shirt,unknown,Red,L,Casual,All-Season,Mid-range,Standard,,Striped,Collar,Red,,False,image\image_298,image_298,casual_resort_shirt,3.0,3.0,1.0,all_season,4.0,4.0,young_adult,masculine,3.0,4.0
Ribbed Textured Knit Polo Shirt (US Only) Pink / M,http://t3.gstatic.com/shopping?q=tbn:ANd9GcQCqBoJRaSEln0Hmv3M1YUeMEKcnda-iL4uubImfUUZVQ7L1QUP0uOoddWM,34.99,1,image_299,unknown,unknown,Polo,unknown,Pink,M,Casual,All-Season,Mid-range,Standard,Textured,Solid,,Pink,,False,image\image_299,image_299,smart_casual_shirt,4.0,4.0,1.0,spring_summer,4.0,3.0,young_adult,masculine,2.0,4.0
Men's Short Sleeve Pocket Shirt Dark Khaki / 5XL,http://t0.gstatic.com/shopping?q=tbn:ANd9GcQiXnd1y1SLLEQyxHYqnWmFpKLyOVp4EYSFw1XgLz_DdWvYJELfwRBHNZIqgQ,29.82,0,image_300,Men,unknown,Shirt,Short Sleeve,Khaki,5XL,Casual,Summer,Budget,Standard,,Solid,Pocket,Khaki,,False,image\image_300,image_300,casual_resort_shirt,3.0,3.0,1.0,all_season,4.0,4.0,young_adult,masculine,3.0,4.0
Casual Cotton Linen Shirt Set White / XL,http://t0.gstatic.com/shopping?q=tbn:ANd9GcS7deVuHG3HtUI1whZM2ecWvDB-5WriOnac08BmZanUcYzbAWS6rvigkW6tlA,55.14,0,image_301,unknown,Cotton,Shirt & Shorts Set,unknown,White,XL,Casual,All-Season,Mid-range,Standard,,Solid,,White,,False,image\image_301,image_301,casual_resort_shirt,3.0,3.0,2.0,all_season,4.0,4.0,young_adult,masculine,3.0,4.0
Muscle Fit Shirts (rS Only) Red / L,http://t2.gstatic.com/shopping?q=tbn:ANd9GcT-Vx0aT0tLJ0nHkrL4s3W8hpPoXBYKFq6Oug3lkp0XuAqwYKqVFEY6NsxH9w,32.61,0,image_302,unknown,unknown,Shirt,unknown,Red,L,Casual,All-Season,Mid-range,Muscle,,Solid,,Red,,False,image\image_302,image_302,casual_resort_shirt,2.0,3.0,1.0,all_season,3.0,4.0,young_adult,masculine,3.0,3.0
Men's Vintage Velvet Shirt Wine Red / M,http://t1.gstatic.com/shopping?q=tbn:ANd9GcQUz8dGX0-0eM3-HUjHWQTc9-DYqSlvqZ5L_xPRY3ZOdOBtBGfKjYnx0Sm8DBc,35.15,1,image_303,Men,unknown,Shirt,unknown,Wine Red,M,Vintage,All-Season,Mid-range,Standard,,Solid,,Wine Red,,False,image\image_303,image_303,casual_resort_shirt,2.0,3.0,2.0,all_season,3.0,4.0,young_adult,masculine,4.0,3.0
Casual Lightweight Henley Shirt (US Only) Navy Blue / XXXL,http://t2.gstatic.com/shopping?q=tbn:ANd9GcRugBuZsZWZQqNfz0MUVP7mB2hCwyG-hYMP29bV5Seq1aJ75LC7YtSzJlqd,31.85,0,image_304,unknown,unknown,Shirt,unknown,Navy Blue,XXXL,Casual,All-Season,Mid-range,Standard,,Solid,Henley,Navy Blue,,False,image\image_304,image_304,smart_casual_shirt,4.0,3.0,1.0,autumn_winter,4.0,3.0,young_adult,masculine,2.0,4.0
Men's Vintage Premium Washed Shirt Blue / XL,http://t3.gstatic.com/shopping?q=tbn:ANd9GcSvMSb-12qnF7JWZhEkd6Bnjf6zrfnHPqkmA3hHczrT_Z7VQC2UjJ-eC48sVZM,57.41,1,image_305,Men,unknown,Shirt,unknown,Blue,XL,Vintage,All-Season,Mid-range,Standard,Washed,Solid,,Blue,,False,image\image_305,image_305,casual_resort_shirt,3.0,3.0,2.0,all_season,4.0,4.0,young_adult,masculine,4.0,4.0
Rose Printed Slim Fit Dress Shirts (US Only) Black / L,http://t0.gstatic.com/shopping?q=tbn:ANd9GcTULzjCrPGG9uS_sLrEnc5RfDO9_j5GmRZrSAaPfaa54J4BJpknKdUtSqju,27.33,0,image_306,unknown,unknown,Shirt,unknown,Black,L,Casual,All-Season,Budget,Slim,,Solid,,Black,,False,image\image_306,image_306,casual_shirt,4.0,3.0,1.0,autumn_winter,4.0,3.0,young_adult,masculine,2.0,4.0
Western Cowboy Style Cotton Shirt (US Only) Black / L,http://t3.gstatic.com/shopping?q=tbn:ANd9GcSwKsfZnxNAS_UQG7EWn7B2VCPgyp_6nxSQX8V0LJ1YnjBXxlfZ2diWQQc-1ZZC59nsmgsb5xI,39.89,0,image_307,unknown,Cotton,Shirt,unknown,Black,L,Casual,All-Season,Mid-range,Standard,,Solid,,Black,,False,image\image_307,image_307,casual_shirt,4.0,3.0,1.0,autumn_winter,4.0,3.0,young_adult,masculine,2.0,4.0
Cotton Linen Style Stripe Shirts Red / M,http://t3.gstatic.com/shopping?q=tbn:ANd9GcS2Jx-VpmEruVtOomJh1b6Gt4zhTgI3lzFq9F2VZMVf7Xw6GFdwfSZUeO86,27.5,1,image_308,unknown,Cotton,Shirt,unknown,Red,M,Casual,All-Season,Budget,Standard,,Striped,,Red,,False,image\image_308,image_308,casual_resort_shirt,3.0,3.0,2.0,all_season,4.0,4.0,young_adult,masculine,4.0,4.0
Muscle Fit Shirts (US Only) Navy Blue / L,http://t0.gstatic.com/shopping?q=tbn:ANd9GcQnhGq0053U8MTKdYVnRemjlBOXUpa9NIQS-oWA8cEcbE7Vu-K-3whSIiwW,34.18,1,image_309,unknown,unknown,Shirt,unknown,Navy Blue,L,Casual,All-Season,Mid-range,Muscle,,Solid,,Navy Blue,,False,image\image_309,image_309,casual_resort_shirt,3.0,3.0,1.0,all_season,4.0,4.0,young_adult,masculine,3.0,4.0
Men's Linen Long Sleeve Shirts Purple / L,http://t3.gstatic.com/shopping?q=tbn:ANd9GcQa__ks5yx9QlN5ykqFv2iGaqJaJnHcSYpYEkGkBRMNWai3bkfhocdFkWaC2Ro,34.96,0,image_310,Men,Linen,Shirt,Long Sleeve,Purple,L,Casual,Summer,Mid-range,Standard,,Solid,,Purple,,False,image\image_310,image_310,casual_resort_shirt,3.0,3.0,1.0,all_season,4.0,4.0,young_adult,masculine,3.0,4.0
Modern Soft Cable Knit Shirt Green / L,http://t1.gstatic.com/shopping?q=tbn:ANd9GcQohXcLkqjOTRkOdkz81noKlPcBAeoK91M1Fva-6RiVj1RYd86HS6P9rmfQbw,43.84,0,image_311,unknown,unknown,Shirt,unknown,Green,L,Casual,All-Season,Mid-range,Standard,Soft/Luxurious,Solid,,Green,,False,image\image_311,image_311,casual_resort_shirt,3.0,3.0,2.0,all_season,4.0,4.0,young_adult,masculine,4.0,4.0
Soft Cotton Linen Button Shirt (US Only) Green / M,http://t2.gstatic.com/shopping?q=tbn:ANd9GcS-3YlKH_2Q51D162O80TSkM8RW0ZTMB-nY_J6HdKbzInFQAb2iIiLis0lU1w,29.46,0,image_312,unknown,Cotton,Shirt,unknown,Green,M,Casual,All-Season,Budget,Standard,Soft/Luxurious,Solid,,Green,,False,image\image_312,image_312,smart_casual_shirt,4.0,4.0,1.0,autumn_winter,4.0,3.0,young_adult,masculine,2.0,4.0
Leisure Textured Shirt Set Pink / XXXL,http://t3.gstatic.com/shopping?q=tbn:ANd9GcRhd3-hPTMo41N-frGAoCs4ebwRCw_Usgzu5vHmTvL3Pxw-4dPZOGMq2yxCdQ,42.15,1,image_313,unknown,unknown,Shirt & Shorts Set,unknown,Pink,XXXL,Casual,All-Season,Mid-range,Standard,Textured,Solid,,Pink,,False,image\image_313,image_313,casual_resort_shirt,3.0,3.0,2.0,all_season,4.0,4.0,young_adult,masculine,4.0,4.0
Casual Linen Skin-friendly Shirts (US Only) Green / L,http://t1.gstatic.com/shopping?q=tbn:ANd9GcSAfVcHvs5qFiizQa0-ggI8X9kNv-q7C05Lswu_3FDatckhMlTR2VmxA522Dbf3cOQcOBMxxQ,35.66,1,image_314,unknown,Linen,Shirt,unknown,Green,L,Casual,Summer,Mid-range,Standard,,Solid,,Green,,False,image\image_314,image_314,casual_resort_shirt,3.0,4.0,1.0,spring_summer,4.0,4.0,young_adult,masculine,2.0,4.0
Classic Wrinkle-Free Dress Shirt (US Only) Brown / L,http://t3.gstatic.com/shopping?q=tbn:ANd9GcQKSBwiQFCeksu8UfwP6Cih5I77GYtDC64-pNi3MB1ThlFofKwJyFDshjqV,28.78,0,image_315,unknown,unknown,Shirt,unknown,Brown,L,Vintage,All-Season,Budget,Standard,,Solid,,Brown,,False,image\image_315,image_315,casual_resort_shirt,3.0,3.0,1.0,all_season,3.0,4.0,young_adult,masculine,3.0,4.0
Casual Linen Skin-friendly Shirts (US Only) Light Blue / L,http://t1.gstatic.com/shopping?q=tbn:ANd9GcTUigJ0J4kJrSBxmbejmmkeyY7HfkGLQwP2KV7t4oTkhXoiQcYPgZsejv-YzOqSYGN-by2q7w,35.56,0,image_316,unknown,Linen,Shirt,unknown,Light Blue,L,Casual,Summer,Mid-range,Standard,,Solid,,Light Blue,,False,image\image_316,image_316,casual_resort_shirt,3.0,4.0,1.0,spring_summer,4.0,4.0,young_adult,masculine,2.0,4.0
Men's Linen Resort Casual Button-Down Everyday Short Sleeve Shirt Blue / L,http://t2.gstatic.com/shopping?q=tbn:ANd9GcTEnzvajYB7M_BrnIAT_kHOIUxuT4xBr_qVu9GZaSweS992H_ziYlSe9BkWRA,32.33,1,image_317,Men,Linen,Shirt,Short Sleeve,Blue,L,Casual,Summer,Mid-range,Standard,,Solid,Button-Down,Blue,,False,image\image_317,image_317,casual_resort_shirt,3.0,4.0,1.0,spring_summer,3.0,4.0,young_adult,masculine,3.0,4.0
Men's Short Sleeve Pocket Shirt Army Green / 4XL,http://t1.gstatic.com/shopping?q=tbn:ANd9GcTcagDL-lGbfA73BukVG9YbbVwj9SQoCBORDwiJ6bpTrS7Kh9gBkDByyYgXHb0,29.09,1,image_318,Men,unknown,Shirt,Short Sleeve,Army Green,4XL,Casual,Summer,Budget,Standard,,Solid,Pocket,Army Green,,False,image\image_318,image_318,smart_casual_shirt,4.0,3.0,1.0,autumn_winter,4.0,3.0,young_adult,masculine,2.0,4.0
Vintage Embroidered Western Cowboy Shirt (US Only) Khaki / L,http://t1.gstatic.com/shopping?q=tbn:ANd9GcT9Itbi5852NWA6Ji_aL2_ZPBWc_cnawcDZ-8d36ufMaW6JRrtxJ37lDihNmGHuA8onEPJCcg,40.34,0,image_319,unknown,unknown,Shirt,unknown,Khaki,L,Vintage,All-Season,Mid-range,Standard,,Embroidered,,Khaki,,False,image\image_319,image_319,casual_resort_shirt,3.0,3.0,1.0,all_season,4.0,4.0,young_adult,masculine,3.0,4.0
Men's Cotton Linen Casual Long Sleeve Shirt Blue / L,http://t2.gstatic.com/shopping?q=tbn:ANd9GcQtK_7o7U3wTBjLh_frOBsDsncxumaevG7jXq2jbgWaM60yaNLViKljf7il-nc,36.19,1,image_320,Men,Cotton,Shirt,Long Sleeve,Blue,L,Casual,All-Season,Mid-range,Standard,,Solid,,Blue,,False,image\image_320,image_320,casual_resort_shirt,3.0,4.0,1.0,spring_summer,3.0,4.0,young_adult,masculine,3.0,4.0
Linen Henley Long Sleeve Shirts with Pocket (US Only) Black / L,http://t3.gstatic.com/shopping?q=tbn:ANd9GcQ-hgTGF_HCT7r5tn-qbqLeR7SERbjl0YjDR2RgNgnV7oGdThOjH2xyIGOm_g,46.77,0,image_321,unknown,Linen,Shirt,Long Sleeve,Black,L,Casual,Summer,Mid-range,Standard,,Solid,"Pocket, Henley",Black,,False,image\image_321,image_321,smart_casual_shirt,4.0,3.0,1.0,autumn_winter,4.0,3.0,young_adult,masculine,2.0,4.0
Cotton Beach Button Down Long Sleeve Shirt (US Only) White / L,http://t0.gstatic.com/shopping?q=tbn:ANd9GcRrn_jiiLkSyTXk61RDaAwjLVLT-X2WhMc2n50g0IE_vj04Jv_njf4uKMZZ,45.52,0,image_322,unknown,Cotton,Shirt,Long Sleeve,White,L,Casual,All-Season,Mid-range,Standard,,Solid,,White,,False,image\image_322,image_322,casual_shirt,4.0,4.0,1.0,autumn_winter,4.0,3.0,young_adult,masculine,2.0,4.0
Men's Combed Cotton T-Shirt Blue / L,http://t1.gstatic.com/shopping?q=tbn:ANd9GcS_Ptyra1hd55QkmupfJhOqm8KYp_5fTf8Ka0ug4hBkaoacp05cASbD6VuNcmo,19.0,0,image_323,Men,Cotton,T-Shirt,unknown,Blue,L,Casual,All-Season,Budget,Standard,,Solid,,Blue,,False,image\image_323,image_323,casual_resort_shirt,3.0,3.0,1.0,all_season,4.0,4.0,young_adult,masculine,3.0,4.0
Men's Luxurious Touch Stretch Cotton T-Shirt White / L,http://t0.gstatic.com/shopping?q=tbn:ANd9GcSG39j4zeaFfcPhJBdUso4wbuF7anuKeUIdORCcLk3xz14wsudS6OYZXr-yRoE,25.62,0,image_324,Men,Cotton,T-Shirt,unknown,White,L,Casual,All-Season,Budget,Standard,"Stretch, Soft/Luxurious",Solid,,White,,False,image\image_324,image_324,casual_shirt,4.0,4.0,1.0,autumn_winter,4.0,3.0,young_adult,masculine,2.0,4.0
Men's Linen Long Sleeve Shirts White / 5XL,http://t3.gstatic.com/shopping?q=tbn:ANd9GcT4_VZ0oaOpEOHit0xahfd3Y5I8uaHfeNfTxD9rG4POABSiYpeGO_fSXdIxUw,34.76,0,image_325,Men,Linen,Shirt,Long Sleeve,White,5XL,Casual,Summer,Mid-range,Standard,,Solid,,White,,False,image\image_325,image_325,smart_casual_shirt,4.0,4.0,1.0,autumn_winter,4.0,3.0,young_adult,masculine,2.0,4.0
Chictango Pink Corduroy Shirt Set Pink / L,http://t3.gstatic.com/shopping?q=tbn:ANd9GcRBlLKarnhm0s-Ct7xsm7IVqqrBJFCtyieSSiSi-G5E-_eGEZb43aoqcwrOHg,47.61,0,image_326,unknown,Corduroy,Shirt & Shorts Set,unknown,Pink,L,Casual,Winter,Mid-range,Standard,,Solid,,Pink,,False,image\image_326,image_326,smart_casual_shirt,4.0,3.0,1.0,autumn_winter,4.0,3.0,young_adult,masculine,2.0,4.0
Men's Ice Silk V-Neck T-Shirt Black+Grey+Tibetan Blue / L,http://t2.gstatic.com/shopping?q=tbn:ANd9GcR3EPCCaYRTh_uU1jh1g-j94I06k22LxScBgTRPYuTpMSjX00DPVKhjTATtYPs,20.79,1,image_327,Men,Silk,T-Shirt,V-Neck,Black & Blue & Grey,L,Casual,All-Season,Budget,Standard,Breathable/Thin,Solid,V-Neck,Black,Blue,True,image\image_327,image_327,smart_casual_shirt,4.0,3.0,1.0,autumn_winter,4.0,3.0,young_adult,masculine,2.0,4.0
Casual Linen Short Sleeve Shirt Sets (US Only) Light Khaki / L,http://t3.gstatic.com/shopping?q=tbn:ANd9GcQOJ6aw5lz7y6rBHu86690NsvoWWvOF2ZUBhBPVwbv7InXuMGZlgsdfUppt,41.97,0,image_328,unknown,Linen,Shirt & Shorts Set,Short Sleeve,Light Khaki,L,Casual,Summer,Mid-range,Standard,,Solid,,Light Khaki,,False,image\image_328,image_328,smart_casual_shirt,4.0,4.0,1.0,autumn_winter,4.0,3.0,young_adult,masculine,2.0,4.0
Classic Casual Button Down Cotton Linen Shirt (Us Only) Purple / M,http://t1.gstatic.com/shopping?q=tbn:ANd9GcQkUxh2slts_TwMpOAB3GvK5hh2znU5JRmg6qFzUe1Y7y_w3cvh6YVTOeG2VQ,36.0,0,image_329,unknown,Cotton,Shirt,unknown,Purple,M,Vintage,All-Season,Mid-range,Standard,,Solid,,Purple,,False,image\image_329,image_329,smart_casual_shirt,4.0,4.0,1.0,autumn_winter,4.0,3.0,young_adult,masculine,2.0,4.0
Casual Cotton Linen Shirt Set White / XXXL,http://t0.gstatic.com/shopping?q=tbn:ANd9GcS7deVuHG3HtUI1whZM2ecWvDB-5WriOnac08BmZanUcYzbAWS6rvigkW6tlA,56.58,0,image_330,unknown,Cotton,Shirt & Shorts Set,unknown,White,XXXL,Casual,All-Season,Mid-range,Standard,,Solid,,White,,False,image\image_330,,,,,,,,,,,,
